tdomain	tphylum	tclass	torder	tfamily	tgenus	tspecies	pclass	psubclass
Bacteria	4572-55	4572-55	4572-55	4572-55	4572-55	4572-55 sp002084765	NrdJ	NrdJm
Bacteria	4572-55	4572-55	J002	J002	J002	J002 sp003697105	NrdJ	NrdJo
Bacteria	AABM5-125-24	RPQS01	RPQS01	RPQS01	RPQS01	RPQS01 sp003818605	NrdJ	NrdJd
Bacteria	AABM5-125-24	RPQS01	RPQS01	RPQS01	JABWCQ01	JABWCQ01 sp013360195	NrdJ	NrdJd
Bacteria	AABM5-125-24	AABM5-125-24	AABM5-125-24	AABM5-125-24	JABMRV01	JABMRV01 sp013202285	NrdJ	NrdJuc02
Bacteria	AABM5-125-24	B3-LCP	B3-LCP	B3-LCP	SURF-9	SURF-9 sp003599535	NrdJ	NrdJuc02
Bacteria	AABM5-125-24	JABMRZ01	JABMRZ01	JABMRZ01	JABMRZ01	JABMRZ01 sp013202315	NrdJ	NrdJuc02
Bacteria	Abyssubacteria	SURF-5	SURF-5	SURF-5	SURF-5	SURF-5 sp003598085	NrdJ	NrdJuc02
Bacteria	Abyssubacteria	SURF-5	SURF-5	SURF-5	SURF-17	SURF-17 sp003598055	NrdJ	NrdJuc02
Bacteria	Acidobacteriota	Holophagae	GCA-2747255	GCA-2747255	GCA-2747255	GCA-2747255 sp002747255	NrdA	NrdAg
Bacteria	Acidobacteriota	Acidobacteriae	Acidobacteriales	Acidobacteriaceae	Granulicella_C	Granulicella_C sp009914315	NrdA	NrdAn
Bacteria	Acidobacteriota	Blastocatellia	Pyrinomonadales	Pyrinomonadaceae	OLB17	OLB17 sp003223025	NrdA	NrdAn
Bacteria	Acidobacteriota	Acidobacteriae	Acidobacteriales	Acidobacteriaceae	Edaphobacter	Edaphobacter sp000688615	NrdA	NrdAn
Bacteria	Acidobacteriota	Acidobacteriae	Acidobacteriales	Acidobacteriaceae	Edaphobacter	Edaphobacter sp000421065	NrdA	NrdAn
Bacteria	Actinobacteriota	Actinomycetia	Actinomycetales	Cellulomonadaceae	Cellulomonas	Cellulomonas oligotrophica	NrdA	NrdAe
Bacteria	Actinobacteriota	Acidimicrobiia	Acidimicrobiales	MedAcidi-G1	MedAcidi-G1	MedAcidi-G1 sp002699555	NrdA	NrdAe
Bacteria	Actinobacteriota	Acidimicrobiia	Acidimicrobiales	MedAcidi-G1	MedAcidi-G1	MedAcidi-G1 sp002699555	NrdA	NrdAe
Bacteria	Actinobacteriota	Acidimicrobiia	Actinomarinales	Actinomarinaceae	Actinomarina	Actinomarina sp902519215	NrdA	NrdAg
Bacteria	Actinobacteriota	Acidimicrobiia	Actinomarinales	Actinomarinaceae	Actinomarina	Actinomarina sp902521955	NrdA	NrdAg
Archaea	Aenigmatarchaeota	Aenigmatarchaeia	QMZP01	QMZZ01	QMZZ01	QMZZ01 sp003663445	NrdD	NrdDd
Archaea	Aenigmatarchaeota	Aenigmatarchaeia	Aenigmatarchaeales	Aenigmatarchaeaceae	CS1-C013	CS1-C013 sp011773475	NrdD	NrdDd
Archaea	Aenigmatarchaeota	Aenigmatarchaeia	CG10238-14	EX4484-224	EX4484-224	EX4484-224 sp002254545	NrdD	NrdDd
Archaea	Aenigmatarchaeota	Aenigmatarchaeia	CG10238-14	SCSR01	SCSR01	SCSR01 sp004297575	NrdJ	NrdJd
Archaea	Aenigmatarchaeota	Aenigmatarchaeia	CG10238-14	SCSR01	JABABT01	JABABT01 sp014238095	NrdJ	NrdJuc02
Archaea	Aenigmatarchaeota_A	Aenigmatarchaeia_A	GW2011-AR5	SpSt-1120	SpSt-1120	SpSt-1120 sp011373045	NrdD	NrdDi
Archaea	Aenigmatarchaeota_A	Aenigmatarchaeia_A	GW2011-AR5	SpSt-1120	SpSt-1120	SpSt-1120 sp011373045	NrdD	NrdDuc01
Archaea	Aenigmatarchaeota_A	Aenigmatarchaeia_A	GW2011-AR5	GCA-2688965	GCA-2688965	GCA-2688965 sp002688965	NrdJ	NrdJk
Archaea	Aenigmatarchaeota_A	Aenigmatarchaeia_A	GW2011-AR5	GCA-2688965	GCA-2688965	GCA-2688965 sp002688965	NrdJ	NrdJm
Archaea	Aenigmatarchaeota_A	Aenigmatarchaeia_A	GW2011-AR5	GCA-2688965	GCA-2688965	GCA-2688965 sp002688965	NrdJ	NrdJm
Bacteria	Aerophobota	Aerophobia	Aerophobales	AE-B3A	AE-B3B	AE-B3B sp005223085	NrdD	NrdDd
Bacteria	Aerophobota	Aerophobia	Aerophobales	B47-G16	B47-G16	B47-G16 sp003648815	NrdD	NrdDd
Bacteria	Aerophobota	Aerophobia	Aerophobales	AE-B3A	AE-B3A	AE-B3A sp005223095	NrdD	NrdDd
Bacteria	Aerophobota	Aerophobia	Aerophobales	B3-G15	B3-G15	B3-G15 sp003648845	NrdD	NrdDd
Bacteria	Aerophobota	Aerophobia	Aerophobales	AE-B3A	SOJT01	SOJT01 sp004376185	NrdJ	NrdJuc02
Archaea	Altarchaeota	Altarchaeia	IMC4	QMZM01	QMZG01	QMZG01 sp003663045	NrdD	NrdDd
Archaea	Altarchaeota	Altarchaeia	IMC4	SCGC-AAA252-I15	CABMCB01	CABMCB01 sp902384455	NrdD	NrdDd
Archaea	Altarchaeota	Altarchaeia	IMC4	QMZM01	EX4484-2	EX4484-2 sp002254565	NrdD	NrdDuc00
Archaea	Altarchaeota	Altarchaeia	IMC4	QMZM01	QMZM01	QMZM01 sp003663175	NrdD	NrdDuc00
Archaea	Altarchaeota	Altarchaeia	Altarchaeales	Altarchaeaceae	Altarchaeum	Altarchaeum hamiconexum	NrdD	NrdDuc00
Bacteria	Aquificota	Aquificae	Aquificales	Aquificaceae	UBA11096	UBA11096 sp003696155	NrdA	NrdAh
Bacteria	Aquificota	Aquificae	Aquificales	Aquificaceae	Aquifex	Aquifex aeolicus	NrdA	NrdAh
Bacteria	Aquificota	Aquificae	Aquificales	Aquificaceae	Thermocrinis	Thermocrinis sp000702425	NrdA	NrdAh
Bacteria	Aquificota	Desulfurobacteriia	Desulfurobacteriales	Desulfurobacteriaceae	Phorcysia	Phorcysia thermohydrogeniphila	NrdA	NrdAh
Bacteria	Aquificota	Aquificae	Aquificales	Aquificaceae	Hydrogenobacter	Hydrogenobacter thermophilus	NrdA	NrdAh
Bacteria	Armatimonadota	Fimbriimonadia	Fimbriimonadales	Fimbriimonadaceae	UphvI-Ar2	UphvI-Ar2 sp013823945	NrdA	NrdAh
Bacteria	Armatimonadota	Fimbriimonadia	Fimbriimonadales	Fimbriimonadaceae	UphvI-Ar2	UphvI-Ar2 sp013823945	NrdA	NrdAh
Bacteria	Armatimonadota	Fimbriimonadia	Fimbriimonadales	GBS-DC	GBS-DC	GBS-DC sp011054145	NrdA	NrdAi
Bacteria	Armatimonadota	Fimbriimonadia	Fimbriimonadales	GBS-DC	LDYB01	LDYB01 sp001442985	NrdA	NrdAi
Bacteria	Armatimonadota	Fimbriimonadia	Fimbriimonadales	GBS-DC	GBS-DC	GBS-DC sp011380455	NrdA	NrdAi
Bacteria	ARS69	ARS69	ARS69	ARS69	ARS69	ARS69 sp002686915	NrdJ	NrdJd
Archaea	Asgardarchaeota	Lokiarchaeia	CR-4	SOKP01	SOKP01	SOKP01 sp013375485	NrdA	NrdAi
Archaea	Asgardarchaeota	Heimdallarchaeia	LC-3	LC-3	LC-3	LC-3 sp001940645	NrdD	NrdDc
Archaea	Asgardarchaeota	Lokiarchaeia	Helarchaeales	JABXJV01	JABXJV01	JABXJV01 sp013375355	NrdD	NrdDd
Archaea	Asgardarchaeota	Lokiarchaeia	Helarchaeales	RDOG01	RDOG01	RDOG01 sp011365055	NrdD	NrdDd
Archaea	Asgardarchaeota	Heimdallarchaeia	LC-3	B3-JM-08	B3-JM-08	B3-JM-08 sp011364965	NrdD	NrdDd
Bacteria	Aureabacteria	SURF-26	SURF-26	SURF-26	SURF-26	SURF-26 sp003599815	NrdA	NrdAz
Bacteria	Aureabacteria	UBA6266	UBA6266	UBA6266	UBA6266	UBA6266 sp002440765	NrdD	NrdDf
Bacteria	Aureabacteria	SURF-26	SURF-26	SURF-26	SURF-26	SURF-26 sp003599815	NrdJ	NrdJuc02
Bacteria	Aureabacteria_A	PUNC01	PUNC01	PUNC01	PUNC01	PUNC01 sp003551625	NrdJ	NrdJuc02
Bacteria	B130-G9	B130-G9	B130-G9	B130-G9	B130-G9	B130-G9 sp003647755	NrdD	NrdDf
Bacteria	Bacteroidota	Bacteroidia	Cytophagales	Spirosomaceae	Emticicia	Emticicia aquatilis	NrdA	NrdAe
Bacteria	Bacteroidota	Bacteroidia	Flavobacteriales	Flavobacteriaceae	Sinomicrobium	Sinomicrobium pectinilyticum	NrdA	NrdAe
Bacteria	Bacteroidota	Bacteroidia	AKYH767	2-12-FULL-35-15	2-12-FULL-35-15	2-12-FULL-35-15 sp903870175	NrdA	NrdAe
Bacteria	Bacteroidota	Bacteroidia	Flavobacteriales	Flavobacteriaceae	Psychroserpens	Psychroserpens jangbogonensis	NrdA	NrdAe
Bacteria	Bacteroidota	Bacteroidia	Flavobacteriales	Flavobacteriaceae	UBA7446	UBA7446 sp002478685	NrdA	NrdAe
Bacteria	Bdellovibrionota	Bacteriovoracia	Bacteriovoracales	Bacteriovoracaceae	BSW11-IV	BSW11-IV sp000447755	NrdA	NrdAe
Bacteria	Bdellovibrionota	Bacteriovoracia	Bacteriovoracales	Bacteriovoracaceae	DB6-IX	DB6-IX sp000443995	NrdA	NrdAe
Bacteria	Bdellovibrionota	Bacteriovoracia	Bacteriovoracales	Bacteriovoracaceae	GCA-2706205	GCA-2706205 sp002706205	NrdA	NrdAe
Bacteria	Bdellovibrionota	Bacteriovoracia	Bacteriovoracales	Bacteriovoracaceae	Halobacteriovorax	Halobacteriovorax sp004006665	NrdA	NrdAe
Bacteria	Bdellovibrionota	Bacteriovoracia	Bacteriovoracales	Bacteriovoracaceae	GCA-2713145	GCA-2713145 sp002713145	NrdA	NrdAe
Bacteria	Bdellovibrionota_C	UBA2361	SZUA-149	SZUA-149	SZUA-149	SZUA-149 sp003230795	NrdA	NrdAz
Bacteria	Bdellovibrionota_C	UBA2361	UBA2361	RFPC01	RFPC01	RFPC01 sp009926305	NrdA	NrdAz
Bacteria	Bdellovibrionota_C	UBA2361	UBA2361	UBA2361	OMII01	OMII01 sp900299055	NrdA	NrdAz
Bacteria	Bdellovibrionota_C	UBA2361	UBA2361	J046	J046	J046 sp003696425	NrdA	NrdAz
Bacteria	Bdellovibrionota_C	UBA2361	UBA2361	UBA2361	OMII01	OMII01 sp900299035	NrdA	NrdAz
Bacteria	Bipolaricaulota	Bipolaricaulia	UBA7950	UBA9294	UBA9294	UBA9294 sp003545155	NrdD	NrdDd
Bacteria	Bipolaricaulota	Bipolaricaulia	Bipolaricaulales	Bipolaricaulaceae	B1SED10-245	B1SED10-245 sp003552425	NrdD	NrdDd
Bacteria	Bipolaricaulota	Bipolaricaulia	Bipolaricaulales	Bipolaricaulaceae	DTER01	DTER01 sp011371555	NrdD	NrdDd
Bacteria	Bipolaricaulota	Bipolaricaulia	Bipolaricaulales	Bipolaricaulaceae	Bipolaricaulis	Bipolaricaulis sp014360985	NrdD	NrdDd
Bacteria	Bipolaricaulota	Bipolaricaulia	Bipolaricaulales	Bipolaricaulaceae	Bipolaricaulis	Bipolaricaulis anaerobius	NrdD	NrdDd
Bacteria	BMS3Abin14	BMS3Abin14	BMS3Abin14	BMS3Abin14	BMS3ABIN14	BMS3ABIN14 sp013151915	NrdD	NrdDd
Bacteria	BMS3Abin14	BMS3Abin14	BMS3Abin14	BMS3Abin14	BMS3ABIN14	BMS3ABIN14 sp013151915	NrdJ	NrdJuc02
Bacteria	BMS3Abin14	BMS3Abin14	BMS3Abin14	BMS3Abin14	SZUA-204	SZUA-204 sp003228585	NrdJ	NrdJuc02
Bacteria	BMS3Abin14	BMS3Abin14	BMS3Abin14	BMS3Abin14	BMS3ABIN14	BMS3ABIN14 sp002897695	NrdJ	NrdJuc02
Bacteria	CAIJMQ01	CAIJMQ01	CAIJMQ01	JAADFP01	JAADFP01	JAADFP01 sp013152825	NrdD	NrdDf
Bacteria	CAIJMQ01	CAIJMQ01	CAIJMQ01	CAIJMQ01	CAIJMQ01	CAIJMQ01 sp903821905	NrdD	NrdDf
Bacteria	CAIJMQ01	CAIJMQ01	CAIJMQ01	JAADFP01	JAADFP01	JAADFP01 sp013152825	NrdJ	NrdJuc02
Bacteria	Caldatribacteriota	Caldatribacteriia	Caldatribacteriales	Caldatribacteriaceae	UBA3950	UBA3950 sp002385475	NrdD	NrdDd
Bacteria	Caldatribacteriota	Caldatribacteriia	Caldatribacteriales	Caldatribacteriaceae	JABUEZ01	JABUEZ01 sp013314795	NrdD	NrdDd
Bacteria	Caldatribacteriota	Caldatribacteriia	Caldatribacteriales	UBA8910	SKXZ01	SKXZ01 sp007128145	NrdD	NrdDd
Bacteria	Caldatribacteriota	Caldatribacteriia	Caldatribacteriales	Caldatribacteriaceae	Caldatribacterium	Caldatribacterium californiense_B	NrdD	NrdDd
Bacteria	Caldatribacteriota	Caldatribacteriia	Caldatribacteriales	Caldatribacteriaceae	Caldatribacterium	Caldatribacterium californiense_A	NrdD	NrdDd
Bacteria	Caldisericota	Caldisericia	Cryosericales	Cryosericaceae	Cryosericum	Cryosericum odellii	NrdD	NrdDd
Bacteria	Caldisericota	Caldisericia	Cryosericales	Cryosericaceae	Cryosericum	Cryosericum sp903871855	NrdD	NrdDd
Bacteria	Caldisericota	Caldisericia	Cryosericales	Cryosericaceae	Cryosericum	Cryosericum hinesii	NrdD	NrdDd
Bacteria	Caldisericota	Caldisericia	Caldisericales	Caldisericaceae	Caldisericum	Caldisericum exile_B	NrdD	NrdDd
Bacteria	Caldisericota	Caldisericia	Caldisericales	Caldisericaceae	UBA4770	UBA4770 sp002403335	NrdD	NrdDd
Bacteria	Calditrichota	Calditrichia	RBG-13-44-9	J042	J042	J042 sp003696445	NrdJ	NrdJd
Bacteria	Calditrichota	Calditrichia	RBG-13-44-9	RBG-13-44-9	4484-188	4484-188 sp002049825	NrdJ	NrdJd
Bacteria	Calditrichota	Calditrichia	RBG-13-44-9	J042	JABWBP01	JABWBP01 sp013360445	NrdJ	NrdJd
Bacteria	Calditrichota	Calditrichia	RBG-13-44-9	J042	JABWBP01	JABWBP01 sp011526015	NrdJ	NrdJd
Bacteria	Calditrichota	Calditrichia	RBG-13-44-9	J042	JAADJD01	JAADJD01 sp013150955	NrdJ	NrdJd
Bacteria	Calescibacterota	Calescibacteriia	DRYD01	DRYD01	DRYD01	DRYD01 sp011388315	NrdJ	NrdJa+b
Bacteria	Calescibacterota	Calescibacteriia	Calescibacteriales	Calescibacteriaceae	Calescibacterium	Calescibacterium nevadense	NrdJ	NrdJk
Bacteria	Calescibacterota	Calescibacteriia	Calescibacteriales	Calescibacteriaceae	Calescibacterium	Calescibacterium sp002898315	NrdJ	NrdJk
Bacteria	Calescibacterota	Calescibacteriia	Calescibacteriales	Calescibacteriaceae	Calescibacterium	Calescibacterium sp011364105	NrdJ	NrdJk
Bacteria	Campylobacterota	Campylobacteria	Campylobacterales	Arcobacteraceae	CAIJNA01	CAIJNA01 sp903821805	NrdA	NrdAg
Bacteria	Campylobacterota	Campylobacteria	Nautiliales	Nautiliaceae	PUXY01	PUXY01 sp009659955	NrdA	NrdAg
Bacteria	Campylobacterota	Campylobacteria	Campylobacterales	Campylobacteraceae	Campylobacter_A	Campylobacter_A concisus_K	NrdA	NrdAh
Bacteria	Campylobacterota	Campylobacteria	Nautiliales	Nautiliaceae	Nautilia	Nautilia profundicola_A	NrdA	NrdAh
Bacteria	Campylobacterota	Campylobacteria	Nautiliales	Nautiliaceae	Lebetimonas	Lebetimonas natsushimae	NrdA	NrdAh
Bacteria	CG03	SLGR01	SLGR01	SLGR01	JAAZFS01	JAAZFS01 sp012511615	NrdD	NrdDd
Bacteria	CG03	SLGR01	SLGR01	SLGR01	PWEK01	PWEK01 sp003553445	NrdD	NrdDd
Bacteria	CG03	SLGR01	SLGR01	SLGR01	SLGR01	SLGR01 sp007136585	NrdD	NrdDd
Bacteria	CG03	SLGR01	SLGR01	PWQF01	PWMP01	PWMP01 sp003558145	NrdD	NrdDd
Bacteria	CG03	SLGR01	SLGR01	PWQF01	PWMP01	PWMP01 sp003557485	NrdD	NrdDd
Bacteria	CG2-30-53-67	CG2-30-53-67	CG2-30-53-67	CG2-30-53-67	JAADIO01	JAADIO01 sp013151235	NrdJ	NrdJuc02
Bacteria	CG2-30-53-67	CG2-30-53-67	CG2-30-53-67	CG2-30-53-67	JAADIO01	JAADIO01 sp013151235	NrdJ	NrdJuc02
Bacteria	CG2-30-53-67	CG2-30-53-67	CG2-30-53-67	CG2-30-53-67	CG2-30-53-67	CG2-30-53-67 sp001873285	NrdJ	NrdJuc02
Bacteria	CG2-30-53-67	CG2-30-53-67	CG2-30-53-67	CG2-30-53-67	CG2-30-53-67	CG2-30-53-67 sp001873285	NrdJ	NrdJuc02
Bacteria	CG2-30-70-394	CG2-30-70-394	CG2-30-70-394	CG2-30-70-394	CG2-30-70-394	CG2-30-70-394 sp001873295	NrdJ	NrdJd
Bacteria	Chlamydiota	Chlamydiia	Chlamydiales	Parachlamydiaceae	HS-T3	HS-T3 sp000829755	NrdA	NrdAe
Bacteria	Chlamydiota	Chlamydiia	Chlamydiales	Parachlamydiaceae	Neochlamydia	Neochlamydia sp000813665	NrdA	NrdAe
Bacteria	Chlamydiota	Chlamydiia	Chlamydiales	Parachlamydiaceae	JABDFJ01	JABDFJ01 sp013286645	NrdA	NrdAe
Bacteria	Chlamydiota	Chlamydiia	Chlamydiales	Parachlamydiaceae	JACDHD01	JACDHD01 sp013821265	NrdA	NrdAe
Bacteria	Chlamydiota	Chlamydiia	Chlamydiales	Parachlamydiaceae	Rubidus	Rubidus massiliensis	NrdA	NrdAe
Bacteria	Chloroflexota	Dehalococcoidia	UBA3495	UBA3495	UBA9611	UBA9611 sp002730485	NrdA	NrdAe
Bacteria	Chloroflexota	Anaerolineae	UBA2200	UBA2200	UBA2232	UBA2232 sp002348045	NrdA	NrdAe
Bacteria	Chloroflexota	Dehalococcoidia	UBA2979	UBA2979	GCA-002718395	GCA-002718395 sp002718395	NrdA	NrdAe
Bacteria	Chloroflexota	Dehalococcoidia	UBA2985	UBA2985	VFHP01	VFHP01 sp009391535	NrdA	NrdAg
Bacteria	Chloroflexota	Dehalococcoidia	UBA3495	UBA3495	GCA-2707185	GCA-2707185 sp002707185	NrdA	NrdAk
Bacteria	Chrysiogenetota	Chrysiogenetes	Chrysiogenales	Chrysiogenaceae	Desulfurispirillum	Desulfurispirillum indicum	NrdD	NrdDd
Bacteria	Chrysiogenetota	Chrysiogenetes	Chrysiogenales	Chrysiogenaceae	Desulfurispira	Desulfurispira natronophila	NrdD	NrdDd
Bacteria	Chrysiogenetota	Chrysiogenetes	Chrysiogenales	Chrysiogenaceae	Chrysiogenes	Chrysiogenes arsenatis	NrdD	NrdDd
Bacteria	Chrysiogenetota	Chrysiogenetes	Chrysiogenales	Chrysiogenaceae	Desulfurispirillum	Desulfurispirillum indicum	NrdJ	NrdJuc02
Bacteria	Chrysiogenetota	Chrysiogenetes	Chrysiogenales	Chrysiogenaceae	Desulfurispira	Desulfurispira natronophila	NrdJ	NrdJuc02
Bacteria	CLD3	CLD3	CLD3	CLD3	CLD3	CLD3 sp008501735	NrdJ	NrdJd
Bacteria	CLD3	CLD3	SB21	SB21	JABWBZ01	JABWBZ01 sp013359335	NrdJ	NrdJd
Bacteria	CLD3	CLD3	SB21	SB21	JABWCP01	JABWCP01 sp013360215	NrdJ	NrdJd
Bacteria	CLD3	CLD3	SB21	SB21	SB21	SB21 sp008933615	NrdJ	NrdJd
Bacteria	Cloacimonadota	Cloacimonadia	Cloacimonadales	Cloacimonadaceae	UBA3900	UBA3900 sp012522935	NrdD	NrdDd
Bacteria	Cloacimonadota	Cloacimonadia	Cloacimonadales	Cloacimonadaceae	Syntrophosphaera	Syntrophosphaera sp012728875	NrdD	NrdDd
Bacteria	Cloacimonadota	Cloacimonadia	Cloacimonadales	TCS61	JABMPU01	JABMPU01 sp013203665	NrdD	NrdDd
Bacteria	Cloacimonadota	Cloacimonadia	Cloacimonadales	TCS61	SDB	SDB sp001412425	NrdD	NrdDd
Bacteria	Cloacimonadota	Cloacimonadia	Cloacimonadales	Cloacimonadaceae	Syntrophosphaera	Syntrophosphaera sp012522635	NrdD	NrdDd
Bacteria	Coprothermobacterota	Coprothermobacteria	Coprothermobacterales	Coprothermobacteraceae	Coprothermobacter	Coprothermobacter platensis	NrdD	NrdDd
Bacteria	Coprothermobacterota	Coprothermobacteria	Coprothermobacterales	Coprothermobacteraceae	Coprothermobacter	Coprothermobacter proteolyticus	NrdD	NrdDd
Bacteria	Coprothermobacterota	Coprothermobacteria	Coprothermobacterales	Coprothermobacteraceae	Coprothermobacter	Coprothermobacter sp003476705	NrdD	NrdDd
Bacteria	Coprothermobacterota	Coprothermobacteria	Coprothermobacterales	Coprothermobacteraceae	Coprothermobacter	Coprothermobacter sp012842545	NrdJ	NrdJuc02
Bacteria	Coprothermobacterota	Coprothermobacteria	Coprothermobacterales	Coprothermobacteraceae	Coprothermobacter	Coprothermobacter platensis	NrdJ	NrdJuc02
Bacteria	CSP1-3	CSP1-3	CSP1-3	13-1-40CM-64-14	SpSt-315	SpSt-315 sp011046845	NrdJ	NrdJk
Bacteria	CSP1-3	CSP1-3	CSP1-3	CSP1-3	SpSt-190	SpSt-190 sp011055945	NrdJ	NrdJk
Bacteria	CSP1-3	CSP1-3	CSP1-3	13-1-40CM-64-14	13-1-40CM-64-14	13-1-40CM-64-14 sp001917855	NrdJ	NrdJk
Bacteria	CSP1-3	CSP1-3	CSP1-3	CSP1-3	CSP1-3	CSP1-3 sp011047475	NrdJ	NrdJk
Bacteria	CSP1-3	CSP1-3	CSP1-3	13-1-40CM-64-14	NP-4	NP-4 sp005882295	NrdJ	NrdJk
Bacteria	CSSED10-310	CSSED10-310	CSSED10-310	CSSED10-310	CSSED10-310	CSSED10-310 sp003558985	NrdD	NrdDf
Bacteria	CSSED10-310	CSSED10-310	CSSED10-310	CSSED10-310	CSSED10-310	CSSED10-310 sp003558985	NrdJ	NrdJuc02
Bacteria	Cyanobacteria	Cyanobacteriia	Cyanobacteriales	Microcystaceae	Rippkaea	Rippkaea sp003448685	NrdA	
Bacteria	Cyanobacteria	Cyanobacteriia	Cyanobacteriales	Microcoleaceae	Lyngbya	Lyngbya robusta	NrdA	
Bacteria	Cyanobacteria	Cyanobacteriia	Cyanobacteriales	Spirulinaceae	ESFC-1	ESFC-1 sp000380225	NrdA	
Bacteria	Cyanobacteria	Cyanobacteriia	Cyanobacteriales	Microcoleaceae	Lyngbya	Lyngbya sp000169095	NrdA	
Bacteria	Cyanobacteria	Cyanobacteriia	Cyanobacteriales	Cyanobacteriaceae	JAAUPO01	JAAUPO01 sp012033095	NrdA	
Bacteria	Deferribacterota	Deferribacteres	Deferribacterales	Denitrovibrionaceae	Seleniivibrio	Seleniivibrio sp002452405	NrdD	NrdDd
Bacteria	Deferribacterota	Deferribacteres	Deferribacterales	Deferribacteraceae	Deferribacter	Deferribacter desulfuricans	NrdD	NrdDd
Bacteria	Deferribacterota	Deferribacteres	Deferribacterales	Denitrovibrionaceae	Geovibrio	Geovibrio sp001603805	NrdD	NrdDd
Bacteria	Deferribacterota	Deferribacteres	Deferribacterales	Denitrovibrionaceae	Denitrovibrio	Denitrovibrio acetiphilus	NrdD	NrdDd
Bacteria	Deferribacterota	Deferribacteres	Deferribacterales	Denitrovibrionaceae	Seleniivibrio	Seleniivibrio sp002452335	NrdD	NrdDd
Bacteria	Deinococcota	Deinococci	Deinococcales	Thermaceae	Thermus	Thermus tenuipuniceus	NrdA	NrdAi
Bacteria	Deinococcota	Deinococci	Deinococcales	Thermaceae	Thermus	Thermus caldilimi	NrdA	NrdAi
Bacteria	Deinococcota	Deinococci	Deinococcales	Thermaceae	Thermus	Thermus thermamylovorans	NrdA	NrdAi
Bacteria	Deinococcota	Deinococci	Deinococcales	Thermaceae	Thermus	Thermus thermamylovorans	NrdA	NrdAi
Bacteria	Deinococcota	Deinococci	Deinococcales	Thermaceae	Thermus	Thermus sp000794385	NrdA	NrdAi
Bacteria	Delongbacteria	UBA4055	UBA4055	UBA4055	GCA-2742935	GCA-2742935 sp002742935	NrdA	NrdAg
Bacteria	Delongbacteria	UBA4055	UBA4055	UBA4055	GCA-2742935	GCA-2742935 sp002742935	NrdD	NrdDd
Bacteria	Delongbacteria	UBA4055	CAIWAD01	CAIWAD01	CAIWAD01	CAIWAD01 sp903910645	NrdJ	NrdJk
Bacteria	Delongbacteria	UBA4055	UBA4055	UBA4055	UBA12480	UBA12480 sp003477045	NrdJ	NrdJuc02
Bacteria	Delongbacteria	UBA4055	UBA4055	UBA4055	WTAK01	WTAK01 sp013139625	NrdJ	NrdJuc02
Bacteria	Dependentiae	Babeliae	Babeliales	Vermiphilaceae	AWTP1-30	AWTP1-30 sp003963225	NrdA	NrdAg
Bacteria	Dependentiae	Babeliae	Babeliales	Chromulinavoraceae	Chromulinavorax	Chromulinavorax destructans	NrdA	NrdAz
Bacteria	Dependentiae	Babeliae	Babeliales	Babeliaceae	Babela	Babela massiliensis	NrdA	NrdAz
Bacteria	Dependentiae	Babeliae	Babeliales	Vermiphilaceae	JABDES01	JABDES01 sp013286935	NrdA	NrdAz
Bacteria	Dependentiae	Babeliae	Babeliales	Vermiphilaceae	SOIL31	SOIL31 sp001468865	NrdA	NrdAz
Bacteria	Desantisbacteria	UBA1551	UBA1551	UBA1551	DTFU01	DTFU01 sp011389435	NrdD	NrdDf
Bacteria	Desantisbacteria	UBA1551	UBA1551	UBA1559	UBA1559	UBA1559 sp001871015	NrdD	NrdDf
Bacteria	Desantisbacteria	UBA1551	UBA1551	UBA1551	UBA1551	UBA1551 sp001871075	NrdD	NrdDf
Bacteria	Desantisbacteria	UBA1551	UBA1551	UBA1551	DTFU01	DTFU01 sp011389435	NrdJ	NrdJuc02
Bacteria	Desantisbacteria	UBA1551	UBA1551	UBA1559	UBA1559	UBA1559 sp001871015	NrdJ	NrdJuc02
Bacteria	Desulfobacterota	Desulfobulbia	Desulfobulbales	Desulfobulbaceae	Desulfobulbus_B	Desulfobulbus_B propionicus_A	NrdA	NrdAh
Bacteria	Desulfobacterota	Desulfovibrionia	Desulfovibrionales	Desulfovibrionaceae	Lawsonia	Lawsonia intracellularis	NrdA	NrdAz
Bacteria	Desulfobacterota	Desulfovibrionia	Desulfovibrionales	Desulfovibrionaceae	Mailhella	Mailhella sp900770205	NrdD	NrdDc
Bacteria	Desulfobacterota	Desulfovibrionia	Desulfovibrionales	Desulfovibrionaceae	Desulfovibrio	Desulfovibrio desulfuricans_C	NrdD	NrdDc
Bacteria	Desulfobacterota	Desulfovibrionia	Desulfovibrionales	Desulfovibrionaceae	Desulfovibrio	Desulfovibrio intestinalis	NrdD	NrdDc
Bacteria	Desulfobacterota_B	Binatia	Binatales	Binataceae	Binatus	Binatus soli	NrdJ	NrdJd
Bacteria	Desulfobacterota_B	Binatia	HRBIN30	HRBIN30	HRBIN30	HRBIN30 sp011054845	NrdJ	NrdJd
Bacteria	Desulfobacterota_B	Binatia	Bin18	Bin18	Bin18	Bin18 sp011523265	NrdJ	NrdJd
Bacteria	Desulfobacterota_B	Binatia	UBA1149	UBA1149	UBA1149	UBA1149 sp002311335	NrdJ	NrdJd
Bacteria	Desulfobacterota_B	Binatia	Bin18	Bin18	JAAXHF01	JAAXHF01 sp012271025	NrdJ	NrdJd
Bacteria	Desulfobacterota_C	Deferrisomatia	Deferrisomatales	BM512	BM512	BM512 sp002869015	NrdD	NrdDf
Bacteria	Desulfobacterota_C	Deferrisomatia	Deferrisomatales	Deferrisomataceae	Deferrisoma	Deferrisoma sp013152215	NrdD	NrdDf
Bacteria	Desulfobacterota_C	Deferrisomatia	Deferrisomatales	BM512	BM512	BM512 sp002869005	NrdD	NrdDf
Bacteria	Desulfobacterota_C	Deferrisomatia	Deferrisomatales	BM512	SCTA01	SCTA01 sp004322275	NrdD	NrdDf
Bacteria	Desulfobacterota_C	Deferrisomatia	Deferrisomatales	Deferrisomataceae	Deferrisoma	Deferrisoma camini	NrdD	NrdDf
Bacteria	Desulfobacterota_D	UBA1144	UBA1144	UBA1144	GCA-002715585	GCA-002715585 sp002715585	NrdA	NrdAz
Bacteria	Desulfobacterota_D	UBA1144	UBA1144	UBA1144	TMED58	TMED58 sp002167555	NrdA	NrdAz
Bacteria	Desulfobacterota_D	UBA1144	UBA1144	UBA1144	TMED126	TMED126 sp002701605	NrdA	NrdAz
Bacteria	Desulfobacterota_D	UBA1144	UBA1144	UBA1144	TMED58	TMED58 sp002708105	NrdA	NrdAz
Bacteria	Desulfobacterota_D	UBA1144	UBA1144	UBA1144	UBA1144	UBA1144 sp002311855	NrdA	NrdAz
Bacteria	Desulfobacterota_E	MBNT15	MBNT15	MBNT15	FEB-35	FEB-35 sp003105225	NrdJ	NrdJk
Bacteria	Desulfobacterota_E	MBNT15	MBNT15	MBNT15	CG2-30-66-27	CG2-30-66-27 sp001797445	NrdJ	NrdJk
Bacteria	Desulfobacterota_E	MBNT15	MBNT15	MBNT15	CSP1-8	CSP1-8 sp001443455	NrdJ	NrdJuc02
Bacteria	Desulfobacterota_E	MBNT15	J040	J040	WVXK01	WVXK01 sp011773515	NrdJ	NrdJuc02
Bacteria	Desulfobacterota_E	MBNT15	MBNT15	MBNT15	CSP1-8	CSP1-8 sp003513855	NrdJ	NrdJuc02
Bacteria	Desulfobacterota_F	Desulfuromonadia	Desulfuromonadales	Geopsychrobacteraceae	Seleniibacterium	Seleniibacterium seleniigenes	NrdA	NrdAh
Bacteria	Desulfobacterota_F	Desulfuromonadia	Desulfuromonadales	Geopsychrobacteraceae	Desulfuromusa	Desulfuromusa kysingii	NrdA	NrdAh
Bacteria	Desulfobacterota_F	Desulfuromonadia	Desulfuromonadales	Geopsychrobacteraceae	SLDV01	SLDV01 sp007125165	NrdA	NrdAh
Bacteria	Desulfobacterota_F	Desulfuromonadia	Desulfuromonadales	Geopsychrobacteraceae	Seleniibacterium	Seleniibacterium seleniigenes	NrdA	NrdAh
Bacteria	Desulfobacterota_F	Desulfuromonadia	Desulfuromonadales	Geopsychrobacteraceae	Desulfuromusa	Desulfuromusa kysingii	NrdA	NrdAh
Bacteria	Desulfobacterota_G	Syntrophorhabdia	Syntrophorhabdales	Syntrophorhabdaceae	UBA5609	UBA5609 sp002428485	NrdD	NrdDf
Bacteria	Desulfobacterota_G	Syntrophorhabdia	Syntrophorhabdales	Syntrophorhabdaceae	Syntrophorhabdus	Syntrophorhabdus sp002067475	NrdD	NrdDf
Bacteria	Desulfobacterota_G	Syntrophorhabdia	Syntrophorhabdales	Syntrophorhabdaceae	PNOF01	PNOF01 sp013824645	NrdD	NrdDf
Bacteria	Desulfobacterota_G	Syntrophorhabdia	Syntrophorhabdales	Syntrophorhabdaceae	MWEV01	MWEV01 sp002071245	NrdD	NrdDf
Bacteria	Desulfobacterota_G	Syntrophorhabdia	Syntrophorhabdales	Syntrophorhabdaceae	UBA8905	UBA8905 sp002402795	NrdD	NrdDf
Bacteria	Dictyoglomota	Dictyoglomia	Dictyoglomales	Dictyoglomaceae	OB1-4	OB1-4 thermophilum_A	NrdD	NrdDd
Bacteria	Dictyoglomota	Dictyoglomia	Dictyoglomales	Dictyoglomaceae	Dictyoglomus	Dictyoglomus thermophilum	NrdD	NrdDd
Bacteria	Dictyoglomota	Dictyoglomia	Dictyoglomales	Dictyoglomaceae	Dictyoglomus	Dictyoglomus turgidum	NrdD	NrdDd
Bacteria	Dictyoglomota	Dictyoglomia	Dictyoglomales	Dictyoglomaceae	OB1-4	OB1-4 sp008124665	NrdD	NrdDd
Bacteria	Dictyoglomota	Dictyoglomia	Dictyoglomales	Dictyoglomaceae	NZ13-RE01	NZ13-RE01 sp002878375	NrdD	NrdDd
Bacteria	Dormibacterota	Dormibacteria	UBA8260	UBA8260	Palsa-851	Palsa-851 sp003153505	NrdA	NrdAn
Bacteria	Dormibacterota	Dormibacteria	Dormibacterales	Dormibacteraceae	CADDZO01	CADDZO01 sp902812395	NrdA	NrdAz
Bacteria	Dormibacterota	Dormibacteria	Dormibacterales	Dormibacteraceae	QHBS01	QHBS01 sp003243885	NrdA	NrdAz
Bacteria	Dormibacterota	Dormibacteria	UBA8260	UBA8260	CF-96	CF-96 sp005889515	NrdJ	NrdJd
Bacteria	Dormibacterota	Dormibacteria	Dormibacterales	Dormibacteraceae	Palsa-870	Palsa-870 sp003151935	NrdJ	NrdJd
Bacteria	DQWO01	DQWO01	DQWO01	DQWO01	DQWO01	DQWO01 sp011042595	NrdD	NrdDf
Bacteria	DQWO01	DQWO01	DQWO01	JAADEO01	JAADEO01	JAADEO01 sp011049115	NrdJ	NrdJuc02
Bacteria	DSWW01	DSWW01	DSWW01	DSWW01	DSWW01	DSWW01 sp011370045	NrdD	NrdDd
Bacteria	DSWW01	DSWW01	DSWW01	DSWW01	DSWW01	DSWW01 sp011370045	NrdJ	NrdJuc02
Bacteria	DTU030	DTU030	DUMP01	DUMP01	DUNI01	DUNI01 sp012799605	NrdD	NrdDd
Bacteria	DTU030	DTU030	DUMP01	DUMP01	JAAYHG01	JAAYHG01 sp012735455	NrdD	NrdDd
Bacteria	DTU030	DTU030	DTU030	DTU030	DTU030	DTU030 sp001513125	NrdD	NrdDd
Bacteria	DTU030	DTU030	DUMP01	DUMP01	DUNI01	DUNI01 sp012837285	NrdD	NrdDd
Bacteria	DTU030	DTU030	DUMP01	DUMP01	DUNI01	DUNI01 sp012839445	NrdD	NrdDd
Bacteria	DUMJ01	DUMJ01	DUMJ01	DUMJ01	DUMJ01	DUMJ01 sp014360335	NrdD	NrdDd
Bacteria	DUMJ01	DUMJ01	DUMJ01	DUMJ01	DUMJ01	DUMJ01 sp011333285	NrdD	NrdDd
Bacteria	DUMJ01	DUMJ01	DUMJ01	DUMJ01	DUMJ01	DUMJ01 sp011334575	NrdD	NrdDd
Bacteria	DUMJ01	DUMJ01	DUMJ01	DUMJ01	DUMJ01	DUMJ01 sp012839925	NrdD	NrdDd
Bacteria	DUMJ01	DUMJ01	DUMJ01	DUMJ01	DUMJ01	DUMJ01 sp014360335	NrdJ	NrdJuc01
Bacteria	Edwardsbacteria	AC1	AC1	EtOH8	UBA2255	UBA2255 sp002347565	NrdD	NrdDf
Bacteria	Edwardsbacteria	AC1	AC1	EtOH8	UBA5202	UBA5202 sp002412795	NrdD	NrdDf
Bacteria	Edwardsbacteria	AC1	AC1	EtOH8	UBA2226	UBA2226 sp001777915	NrdD	NrdDf
Bacteria	Eisenbacteria	RBG-16-71-46	SZUA-252	SZUA-252	WS-7	WS-7 sp005893165	NrdJ	NrdJd
Bacteria	Eisenbacteria	RBG-16-71-46	JABDJR01	JABDJR01	JABDJR01	JABDJR01 sp013003415	NrdJ	NrdJd
Bacteria	Eisenbacteria	RBG-16-71-46	SZUA-252	SZUA-252	WS-9	WS-9 sp005893305	NrdJ	NrdJd
Bacteria	Eisenbacteria	RBG-16-71-46	SZUA-252	SZUA-252	WS-7	WS-7 sp005893275	NrdJ	NrdJd
Bacteria	Eisenbacteria	RBG-16-71-46	CAIMUX01	CAIMUX01	CAIMUX01	CAIMUX01 sp903844735	NrdJ	NrdJd
Bacteria	Elusimicrobiota	Elusimicrobia	UBA1565	UBA9628	GWA2-66-18	GWA2-66-18 sp013044195	NrdA	NrdAn
Bacteria	Elusimicrobiota	Elusimicrobia	UBA1565	UBA1565	UBA1565	UBA1565 sp002790095	NrdA	NrdAn
Bacteria	Elusimicrobiota	Elusimicrobia	UBA1565	UBA9628	PALSA-1176	PALSA-1176 sp003151975	NrdA	NrdAn
Bacteria	Elusimicrobiota	Elusimicrobia	Elusimicrobiales	Elusimicrobiaceae	Elusimicrobium	Elusimicrobium minutum	NrdD	NrdDc
Bacteria	Elusimicrobiota	Elusimicrobia	Elusimicrobiales	Elusimicrobiaceae	UBA1436	UBA1436 sp902794895	NrdD	NrdDd
Bacteria	Eremiobacterota	Eremiobacteria	Baltobacterales	Baltobacteraceae	Palsa-1515	Palsa-1515 sp903970385	NrdA	NrdAn
Bacteria	Eremiobacterota	Xenobia	Xenobiales	Xenobiaceae	Bruticola	Bruticola papionis	NrdD	NrdDc
Bacteria	Eremiobacterota	Xenobia	Xenobiales	Xenobiaceae	Bruticola	Bruticola sp900313515	NrdD	NrdDc
Bacteria	Eremiobacterota	Eremiobacteria	Eremiobacterales	Eremiobacteraceae	CADDZI01	CADDZI01 sp902812405	NrdJ	NrdJd
Bacteria	Eremiobacterota	Eremiobacteria	Baltobacterales	Baltobacteraceae	Rubrimentiphilum	Rubrimentiphilum sp013036095	NrdJ	NrdJd
Archaea	EX4484-52	EX4484-52	EX4484-52	EX4484-52	EX4484-52	EX4484-52 sp002254415	NrdD	NrdDd
Archaea	EX4484-52	EX4484-52	EX4484-52	B79-G9	GLR112	GLR112 sp013139905	NrdD	NrdDd
Archaea	EX4484-52	EX4484-52	EX4484-52	GLR71	GLR71	GLR71 sp013138805	NrdD	NrdDf
Archaea	EX4484-52	EX4484-52	EX4484-52	B79-G9	B79-G9	B79-G9 sp003660865	NrdD	NrdDf
Archaea	EX4484-52	EX4484-52	EX4484-52	JAADEF01	JAADEF01	JAADEF01 sp013153555	NrdJ	NrdJk
Bacteria	FCPU426	Palsa-1180	Palsa-1180	Palsa-1180	Bog-1183	Bog-1183 sp003136635	NrdJ	NrdJd
Bacteria	FCPU426	JAAXVQ01	JAAXVQ01	JAAXVQ01	JAAXVQ01	JAAXVQ01 sp013335425	NrdJ	NrdJuc02
Bacteria	FEN-1099	FEN-1099	FEN-1099	FEN-1099	JAAYVF01	JAAYVF01 sp012517325	NrdD	NrdDd
Bacteria	FEN-1099	FEN-1099	FEN-1099	FEN-1099	JAAYVF01	JAAYVF01 sp012517325	NrdJ	NrdJd
Bacteria	FEN-1099	FEN-1099	FEN-1099	FEN-1099	FEN-1099	FEN-1099 sp003170555	NrdJ	NrdJuc02
Bacteria	Fermentibacterota	Fermentibacteria	Fermentibacterales	Fermentibacteraceae	JAAYTY01	JAAYTY01 sp012523605	NrdD	NrdDd
Bacteria	Fermentibacterota	Fermentibacteria	Fermentibacterales	Fermentibacteraceae	Sabulitectum	Sabulitectum sp002748705	NrdD	NrdDd
Bacteria	Fermentibacterota	Fermentibacteria	Fermentibacterales	Fermentibacteraceae	UBA5938	UBA5938 sp002414865	NrdD	NrdDd
Bacteria	Fermentibacterota	Fermentibacteria	Fermentibacterales	Fermentibacteraceae	Aegiribacteria	Aegiribacteria sp003644925	NrdD	NrdDd
Bacteria	Fermentibacterota	Fermentibacteria	Fermentibacterales	Fermentibacteraceae	Fermentibacter	Fermentibacter daniensis	NrdD	NrdDd
Bacteria	Fibrobacterota	Chitinivibrionia	Chitinivibrionales	Chitinivibrionaceae	Chitinivibrio	Chitinivibrio alkaliphilus	NrdA	NrdAh
Bacteria	Fibrobacterota	Fibrobacteria	Fibrobacterales	Fibrobacteraceae	Fibrobacter	Fibrobacter succinogenes_N	NrdD	NrdDc
Bacteria	Fibrobacterota	Fibrobacteria	Fibrobacterales	Fibrobacteraceae	Fibrobacter_A	Fibrobacter_A intestinalis	NrdD	NrdDc
Bacteria	Fibrobacterota	Fibrobacteria	Fibrobacterales	Fibrobacteraceae	Fibrobacter	Fibrobacter succinogenes_K	NrdD	NrdDc
Bacteria	Fibrobacterota	Fibrobacteria	Fibrobacterales	Fibrobacteraceae	Fibrobacter	Fibrobacter sp900141705	NrdD	NrdDc
Bacteria	Firestonebacteria	D2-FULL-39-29	D2-FULL-39-29	D2-FULL-39-29	D2-FULL-39-29	D2-FULL-39-29 sp001778375	NrdJ	NrdJuc02
Bacteria	Firestonebacteria	D2-FULL-39-29	D2-FULL-39-29	CAIOVX01	CAIOVX01	CAIOVX01 sp903916325	NrdJ	NrdJuc02
Bacteria	Firestonebacteria	D2-FULL-39-29	D2-FULL-39-29	CAIOVX01	CAIOVX01	CAIOVX01 sp903894145	NrdJ	NrdJuc02
Bacteria	Firestonebacteria	D2-FULL-39-29	D2-FULL-39-29	D2-FULL-39-29	CAIYPD01	CAIYPD01 sp903928075	NrdJ	NrdJuc02
Bacteria	Firestonebacteria	D2-FULL-39-29	D2-FULL-39-29	CAIOVX01	CAIOVX01	CAIOVX01 sp903861835	NrdJ	NrdJuc02
Bacteria	Firmicutes	Bacilli	Paenibacillales	Paenibacillaceae	Paenibacillus_D	Paenibacillus_D abyssi	NrdA	NrdAh
Bacteria	Firmicutes	Bacilli	Paenibacillales	Paenibacillaceae	Cohnella	Cohnella abietis	NrdA	NrdAh
Bacteria	Firmicutes	Bacilli	Erysipelotrichales	Erysipelotrichaceae	Clostridium_AQ	Clostridium_AQ sp003481775	NrdA	NrdAh
Bacteria	Firmicutes	Bacilli	Paenibacillales	Paenibacillaceae	Paenibacillus_AC	Paenibacillus_AC psychroresistens	NrdA	NrdAh
Bacteria	Firmicutes	Bacilli	Paenibacillales	Paenibacillaceae	UBA4045	UBA4045 sp002383285	NrdA	NrdAh
Bacteria	Firmicutes_A	Clostridia	Lachnospirales	Lachnospiraceae	Lacrimispora	Lacrimispora algidixylanolyticum	NrdA	NrdAh
Bacteria	Firmicutes_A	Clostridia	Tissierellales	Peptoniphilaceae	Levyella	Levyella massiliensis	NrdA	NrdAh
Bacteria	Firmicutes_A	Clostridia	Tissierellales	Peptoniphilaceae	Murdochiella	Murdochiella vaginalis	NrdA	NrdAh
Bacteria	Firmicutes_A	Clostridia	Oscillospirales	Oscillospiraceae	Lawsonibacter	Lawsonibacter sp014287875	NrdA	NrdAh
Bacteria	Firmicutes_A	Clostridia	Lachnospirales	Lachnospiraceae	Lachnoclostridium_A	Lachnoclostridium_A edouardi	NrdA	NrdAh
Bacteria	Firmicutes_B	Peptococcia	Peptococcales	Peptococcaceae	Peptococcus	Peptococcus niger	NrdA	NrdAh
Bacteria	Firmicutes_B	Peptococcia	Peptococcales	Peptococcaceae	UMGS1590	UMGS1590 sp900553245	NrdA	NrdAh
Bacteria	Firmicutes_B	Peptococcia	Peptococcales	Peptococcaceae	UMGS1590	UMGS1590 sp900552455	NrdA	NrdAh
Bacteria	Firmicutes_B	Syntrophomonadia	Thermacetogeniales	Thermacetogeniaceae	DULK01	DULK01 sp902812435	NrdD	NrdDc
Bacteria	Firmicutes_B	Desulfotomaculia	Desulfotomaculales	Desulfovirgulaceae	Desulfovirgula	Desulfovirgula thermocuniculi	NrdD	NrdDc
Bacteria	Firmicutes_C	Negativicutes	Veillonellales	Veillonellaceae	F0422	F0422 sp003992055	NrdA	NrdAh
Bacteria	Firmicutes_C	Negativicutes	Veillonellales	Veillonellaceae	Veillonella	Veillonella sp900538355	NrdA	NrdAh
Bacteria	Firmicutes_C	Negativicutes	Veillonellales	Veillonellaceae	Veillonella	Veillonella parvula	NrdA	NrdAh
Bacteria	Firmicutes_C	Negativicutes	Veillonellales	Veillonellaceae	Veillonella	Veillonella rodentium	NrdA	NrdAh
Bacteria	Firmicutes_C	Negativicutes	Veillonellales	Veillonellaceae	F0422	F0422 sp900544365	NrdA	NrdAh
Bacteria	Firmicutes_D	Dethiobacteria	DTU022	PWGO01	T1SED10-157	T1SED10-157 sp003554535	NrdA	NrdAi
Bacteria	Firmicutes_D	Dethiobacteria	DTU022	DTU022	SLQM01	SLQM01 sp007131435	NrdD	NrdDc
Bacteria	Firmicutes_D	Dethiobacteria	PWVN01	PWVN01	PWVN01	PWVN01 sp003567935	NrdD	NrdDc
Bacteria	Firmicutes_D	Dethiobacteria	DTU022	DTU022	T3SED10-7	T3SED10-7 sp003564505	NrdD	NrdDc
Bacteria	Firmicutes_D	Dethiobacteria	DTU022	DTU022	JAAYGO01	JAAYGO01 sp012727685	NrdD	NrdDc
Bacteria	Firmicutes_E	Sulfobacillia	Sulfobacillales	Sulfobacillaceae	Sulfobacillus_B	Sulfobacillus_B sp012933365	NrdA	NrdAh
Bacteria	Firmicutes_E	Symbiobacteriia	Symbiobacteriales	Symbiobacteriaceae	Symbiobacterium	Symbiobacterium thermophilum	NrdA	NrdAh
Bacteria	Firmicutes_E	Sulfobacillia	Sulfobacillales	R501	R501	R501 sp902809825	NrdA	NrdAh
Bacteria	Firmicutes_E	Thermaerobacteria	Thermaerobacterales	Thermaerobacteraceae	Thermaerobacter	Thermaerobacter sp004634385	NrdA	NrdAq
Bacteria	Firmicutes_E	Thermaerobacteria	Thermaerobacterales	Thermaerobacteraceae	Thermaerobacter	Thermaerobacter subterraneus	NrdA	NrdAq
Bacteria	Firmicutes_F	Halanaerobiia	Halobacteroidales	Halobacteroidaceae	Halonatronum	Halonatronum saccharophilum	NrdD	NrdDc
Bacteria	Firmicutes_F	Halanaerobiia	Halanaerobiales	Halothermotrichaceae	Halothermothrix	Halothermothrix orenii	NrdD	NrdDd
Bacteria	Firmicutes_F	Halanaerobiia	Halobacteroidales	Halobacteroidaceae	Orenia	Orenia metallireducens	NrdD	NrdDd
Bacteria	Firmicutes_F	Halanaerobiia	Halanaerobiales	Halanaerobiaceae	Halanaerobium	Halanaerobium sp003070825	NrdD	NrdDd
Bacteria	Firmicutes_F	Halanaerobiia	Halanaerobiales	Halanaerobiaceae	Halanaerobium	Halanaerobium kushneri	NrdD	NrdDd
Bacteria	Firmicutes_G	Limnochordia	DTU080	RSA5	RSA5	RSA5 sp002919235	NrdA	NrdAq
Bacteria	Firmicutes_G	Limnochordia	Limnochordales_A	ZCTH02-B6	ZCTH02-B6	ZCTH02-B6 sp002159155	NrdA	NrdAq
Bacteria	Firmicutes_G	Limnochordia	DTU080	RSA5	RSA7	RSA7 sp002919195	NrdA	NrdAz
Bacteria	Firmicutes_G	UBA4882	UBA10575	UBA10575	DUOH01	DUOH01 sp012838955	NrdD	NrdDc
Bacteria	Firmicutes_G	Limnochordia	DTU010	DTU012	CSBR16-202	CSBR16-202 sp007116995	NrdD	NrdDc
Bacteria	Firmicutes_H	UBA994	UBA994	UBA5500	JAAYHE01	JAAYHE01 sp012735505	NrdD	
Bacteria	Firmicutes_H	UBA994	UBA994	UBA5500	JAAYHE01	JAAYHE01 sp012735505	NrdD	NrdDc
Bacteria	Firmicutes_H	UBA994	UBA994	UBA5500	UBA5500	UBA5500 sp012727835	NrdD	NrdDc
Bacteria	Firmicutes_H	UBA994	JAAYKD01	JAAYKD01	JAAYKD01	JAAYKD01 sp012522585	NrdD	NrdDd
Bacteria	Firmicutes_H	UBA994	UBA994	UBA994	WSXW01	WSXW01 sp009773495	NrdD	NrdDd
Bacteria	Fusobacteriota	Fusobacteriia	Fusobacteriales	Fusobacteriaceae	Fusobacterium_A	Fusobacterium_A sp900543175	NrdA	NrdAh
Bacteria	Fusobacteriota	Fusobacteriia	Fusobacteriales	Fusobacteriaceae	Cetobacterium_A	Cetobacterium_A sp014250675	NrdA	NrdAh
Bacteria	Fusobacteriota	Fusobacteriia	Fusobacteriales	Fusobacteriaceae	Fusobacterium_B	Fusobacterium_B sp900542625	NrdA	NrdAh
Bacteria	Fusobacteriota	Fusobacteriia	Fusobacteriales	Fusobacteriaceae	Psychrilyobacter	Psychrilyobacter sp002342785	NrdA	NrdAh
Bacteria	Fusobacteriota	Fusobacteriia	Fusobacteriales	Fusobacteriaceae	Fusobacterium_A	Fusobacterium_A ulcerans	NrdA	NrdAh
Bacteria	GCA-001730085	GCA-001730085	GCA-001730085	GCA-001730085	GCA-001730085	GCA-001730085 sp001730085	NrdA	NrdAz
Bacteria	Gemmatimonadota	Gemmatimonadetes	Longimicrobiales	Longimicrobiaceae	Longimicrobium	Longimicrobium terrae	NrdA	NrdAz
Bacteria	Gemmatimonadota	Gemmatimonadetes	Longimicrobiales	Longimicrobiaceae	WHSP01	WHSP01 sp009380025	NrdA	NrdAz
Bacteria	Gemmatimonadota	Gemmatimonadetes	Gemmatimonadales	Gemmatimonadaceae	Gemmatimonas	Gemmatimonas aurantiaca	NrdA	NrdAz
Bacteria	Gemmatimonadota	Glassbacteria	GWA2-58-10	GWA2-58-10	GWA2-58-10	GWA2-58-10 sp001780825	NrdD	NrdDf
Bacteria	Gemmatimonadota	Gemmatimonadetes	Longimicrobiales	UBA6960	Bin94	Bin94 sp009844885	NrdJ	NrdJd
Bacteria	Gemmatimonadota_A	GCA-2686955	GCA-2686955	GCA-2686955	GCA-2686955	GCA-2686955 sp002686955	NrdJ	NrdJd
Bacteria	Goldbacteria	PGYV01	PGYV01	Palsa-1178	Bog-1181	Bog-1181 sp003159495	NrdD	NrdDd
Bacteria	Goldbacteria	PGYV01	PGYV01	DSYL01	DSYL01	DSYL01 sp011367535	NrdD	NrdDd
Bacteria	Goldbacteria	PGYV01	PGYV01	PGYV01	PGYV01	PGYV01 sp002839855	NrdD	NrdDd
Bacteria	Goldbacteria	PGYV01	PGYV01	CAILUR01	CAILUR01	CAILUR01 sp903837445	NrdD	NrdDd
Bacteria	Goldbacteria	PGYV01	PGYV01	DSBP01	DSBP01	DSBP01 sp011049465	NrdD	NrdDd
Archaea	Hadarchaeota	Hadarchaeia	Hadarchaeales	Hadarchaeaceae	DG-33	DG-33 sp001515185	NrdD	NrdDd
Archaea	Hadarchaeota	Hadarchaeia	Hadarchaeales	DTKF01	DTKF01	DTKF01 sp011367225	NrdD	NrdDd
Archaea	Hadarchaeota	Hadarchaeia	Hadarchaeales	DSZJ01	DSZJ01	DSZJ01 sp011367145	NrdD	NrdDd
Archaea	Hadarchaeota	Hadarchaeia	Hadarchaeales	DSZJ01	DSZJ01	DSZJ01 sp011367145	NrdD	NrdDd
Archaea	Hadarchaeota	Hadarchaeia	Hadarchaeales	Hadarchaeaceae	Hadarchaeum	Hadarchaeum yellowstonense	NrdD	NrdDd
Archaea	Halobacteriota	Halobacteria	Halobacteriales	Haloferacaceae	Halobellus	Halobellus sp003665935	NrdA	NrdAi
Archaea	Halobacteriota	Halobacteria	Halobacteriales	Haloferacaceae	Halorubrum	Halorubrum sp003781945	NrdA	NrdAi
Archaea	Halobacteriota	Halobacteria	Halobacteriales	Haloferacaceae	Halohasta	Halohasta sp001563795	NrdA	NrdAi
Archaea	Halobacteriota	Halobacteria	Halobacteriales	Haloferacaceae	Halorubrum	Halorubrum xinjiangense	NrdA	NrdAi
Archaea	Halobacteriota	Halobacteria	Halobacteriales	Haloferacaceae	Halorubrum	Halorubrum kocurii	NrdA	NrdAi
Archaea	Huberarchaeota	Huberarchaeia	Huberarchaeales	Huberarchaeaceae	Huberarchaeum	Huberarchaeum crystalense	NrdD	NrdDuc00
Bacteria	Hydrogenedentota	Hydrogenedentia	Hydrogenedentiales	SLHB01	JABWCD01	JABWCD01 sp013359265	NrdA	NrdAz
Bacteria	Hydrogenedentota	Hydrogenedentia	Hydrogenedentiales	JAACEL01	JAACEL01	JAACEL01 sp011682535	NrdD	NrdDd
Bacteria	Hydrogenedentota	Hydrogenedentia	Hydrogenedentiales	CAITNO01	JAAYJV01	JAAYJV01 sp002070275	NrdD	NrdDd
Bacteria	Hydrogenedentota	Hydrogenedentia	Hydrogenedentiales	CAIZGN01	CAIZGN01	CAIZGN01 sp903932505	NrdD	NrdDd
Bacteria	Hydrogenedentota	Hydrogenedentia	Hydrogenedentiales	CAIZGN01	CAIZGN01	CAIZGN01 sp903932505	NrdD	NrdDd
Archaea	Hydrothermarchaeota	Hydrothermarchaeia	Hydrothermarchaeales	BMS3B	BMS3B	BMS3B sp002897955	NrdD	NrdDf
Archaea	Hydrothermarchaeota	Hydrothermarchaeia	Hydrothermarchaeales	BMS3B	JAADFH01	JAADFH01 sp013152995	NrdD	NrdDf
Archaea	Hydrothermarchaeota	Hydrothermarchaeia	Hydrothermarchaeales	SZUA-236	SZUA-236	SZUA-236 sp002923215	NrdD	NrdDf
Archaea	Hydrothermarchaeota	Hydrothermarchaeia	Hydrothermarchaeales	SZUA-236	J060	J060 sp003695745	NrdD	NrdDf
Archaea	Hydrothermarchaeota	Hydrothermarchaeia	Hydrothermarchaeales	Hydrothermarchaeaceae	Hydrothermarchaeum	Hydrothermarchaeum profundi	NrdD	NrdDf
Archaea	Iainarchaeota	Iainarchaeia	Iainarchaeales	JAAZKV01	JAAZKV01	JAAZKV01 sp902385225	NrdD	NrdDd
Archaea	Iainarchaeota	Iainarchaeia	B1Sed10-29	B1Sed10-29	CSSED10-269	CSSED10-269 sp003558235	NrdD	NrdDd
Archaea	Iainarchaeota	Iainarchaeia	Iainarchaeales	1-14-0-10-31-34	1-14-0-10-31-34	1-14-0-10-31-34 sp002763225	NrdD	NrdDd
Archaea	Iainarchaeota	Iainarchaeia	Iainarchaeales	GCA-2688035	GCA-2688035	GCA-2688035 sp002688035	NrdD	NrdDd
Archaea	Iainarchaeota	Iainarchaeia	Iainarchaeales	JAAZKV01	JAAZKV01	JAAZKV01 sp012799645	NrdD	NrdDd
Bacteria	J088	J088	J088	J088	J088	J088 sp003695505	NrdJ	NrdJd
Bacteria	JABDJQ01	JABDJQ01	JABDJQ01	JABDJQ01	JABDJQ01	JABDJQ01 sp013002425	NrdJ	NrdJd
Bacteria	JACIXR01	JACIXR01	JACIXR01	JACIXR01	JACIXR01	JACIXR01 sp014360465	NrdD	NrdDf
Bacteria	JACIXR01	JACIXR01	JACIXR01	JACIXR01	JACIXR01	JACIXR01 sp014360495	NrdD	NrdDf
Bacteria	JACIXR01	JACIXR01	JACIXR01	JACIXR01	JACIXR01	JACIXR01 sp014360465	NrdJ	NrdJuc02
Bacteria	JACIXR01	JACIXR01	JACIXR01	JACIXR01	JACIXR01	JACIXR01 sp014360495	NrdJ	NrdJuc02
Bacteria	Krumholzibacteriota	Krumholzibacteria	LZORAL124-64-63	LZORAL124-64-63	LZORAL124-64-63	LZORAL124-64-63 sp002747875	NrdD	NrdDd
Bacteria	Krumholzibacteriota	Krumholzibacteria	Krumholzibacteriales	Krumholzibacteriaceae	4484-7	4484-7 sp002085285	NrdD	NrdDd
Bacteria	Krumholzibacteriota	Krumholzibacteria	LZORAL124-64-63	LZORAL124-64-63	LZORAL124-64-63	LZORAL124-64-63 sp002747875	NrdJ	NrdJd
Bacteria	Krumholzibacteriota	Krumholzibacteria	LZORAL124-64-63	LZORAL124-64-63	CAINDZ01	CAINDZ01 sp903859215	NrdJ	NrdJd
Bacteria	Krumholzibacteriota	Krumholzibacteria	LZORAL124-64-63	LZORAL124-64-63	LZORAL124-64-63	LZORAL124-64-63 sp003646045	NrdJ	NrdJd
Bacteria	KSB1	UBA2214	UBA2214	JAADGR01	JAADGR01	JAADGR01 sp011682565	NrdD	NrdDd
Bacteria	KSB1	UBA2214	UBA2214	UBA2214	JAAYTV01	JAAYTV01 sp012523655	NrdD	NrdDf
Bacteria	KSB1	UBA2214	UBA2214	Zgenome-0027	Zgenome-0027	Zgenome-0027 sp003854995	NrdJ	NrdJd
Bacteria	KSB1	UBA2214	UBA2214	UBA2214	UBA2214	UBA2214 sp002327255	NrdJ	NrdJd
Bacteria	KSB1	UBA2214	UBA2214	JAADGR01	JAADGR01	JAADGR01 sp013152225	NrdJ	NrdJd
Bacteria	Latescibacterota	UBA2968	UBA2968	UBA2968	VXRD01	VXRD01 sp009838845	NrdA	NrdAz
Bacteria	Latescibacterota	UBA2968	UBA2968	UBA2968	UBA6620	UBA6620 sp002433075	NrdA	NrdAz
Bacteria	Latescibacterota	UBA2968	UBA2968	UBA2968	UBA2968	UBA2968 sp002714465	NrdA	NrdAz
Bacteria	Latescibacterota	UBA2968	UBA2968	UBA2968	UBA2968	UBA2968 sp002727195	NrdA	NrdAz
Bacteria	Latescibacterota	MVCY01	MVCY01	MVCY01	MVCY01	MVCY01 sp002049985	NrdD	NrdDd
Bacteria	Lindowbacteria	2-12-FULL-62-27	2-12-FULL-62-27	2-12-FULL-62-27	2-12-FULL-62-27	2-12-FULL-62-27 sp001784175	NrdJ	NrdJd
Bacteria	Margulisbacteria	Marinamargulisbacteria	GCA-2716485	GCA-002719695	AG-343-D04	AG-343-D04 sp003265885	NrdA	NrdAz
Bacteria	Margulisbacteria	Marinamargulisbacteria	UBA817	UBA817	CACECR01	CACECR01 sp902558105	NrdA	NrdAz
Bacteria	Margulisbacteria	Marinamargulisbacteria	SXXA01	SXXA01	SXXA01	SXXA01 sp010027915	NrdA	NrdAz
Bacteria	Margulisbacteria	Marinamargulisbacteria	DT-59	DT-59	DT-59	DT-59 sp013215865	NrdA	NrdAz
Bacteria	Margulisbacteria	Marinamargulisbacteria	SXXA01	SICP01	SICP01	SICP01 sp009691415	NrdA	NrdAz
Bacteria	Marinisomatota	Marinisomatia	Marinisomatales	UBA1611	GCA-002708715	GCA-002708715 sp002694025	NrdA	NrdAe
Bacteria	Marinisomatota	Marinisomatia	SCGC-AAA003-L08	GCA-002704045	GCA-002704045	GCA-002704045 sp002703375	NrdA	NrdAe
Bacteria	Marinisomatota	Marinisomatia	Marinisomatales	TCS55	TMED108	TMED108 sp002724735	NrdA	NrdAg
Bacteria	Marinisomatota	Marinisomatia	Marinisomatales	TCS55	TMED108	TMED108 sp002724735	NrdA	NrdAk
Bacteria	Marinisomatota	Marinisomatia	SCGC-AAA003-L08	GCA-2689995	GCA-2689995	GCA-2689995 sp002689995	NrdA	NrdAk
Bacteria	Mcinerneyibacteriota	Mcinerneyibacteria	Mcinerneyibacteriales	DSCS01	DSCS01	DSCS01 sp011048995	NrdD	NrdDd
Bacteria	Mcinerneyibacteriota	Mcinerneyibacteria	Mcinerneyibacteriales	Mcinerneyibacteriaceae	Mcinerneyibacterium	Mcinerneyibacterium aminivorans	NrdD	NrdDd
Bacteria	Mcinerneyibacteriota	Mcinerneyibacteria	Mcinerneyibacteriales	DSCS01	DSCS01	DSCS01 sp011048995	NrdJ	NrdJm
Archaea	Methanobacteriota	Thermococci	Methanofastidiosales	B48-G16	B48-G16	B48-G16 sp003660605	NrdD	NrdDd
Archaea	Methanobacteriota	Thermococci	Methanofastidiosales	B48-G16	B48-G16	B48-G16 sp003660605	NrdD	NrdDd
Archaea	Methanobacteriota	Thermococci	Thermococcales	Thermococcaceae	Pyrococcus	Pyrococcus horikoshii	NrdD	NrdDi
Archaea	Methanobacteriota	Thermococci	Thermococcales	Thermococcaceae	Thermococcus	Thermococcus sp000221185	NrdD	NrdDi
Archaea	Methanobacteriota	Thermococci	Thermococcales	Thermococcaceae	Thermococcus_B	Thermococcus_B paralvinellae	NrdD	NrdDi
Bacteria	Methylomirabilota	Methylomirabilia	Rokubacteriales	GWA2-73-35	AR37	AR37 sp003220345	NrdJ	NrdJd
Bacteria	Methylomirabilota	Methylomirabilia	Methylomirabilales	Methylomirabilaceae	Methylomirabilis	Methylomirabilis oxyfera_A	NrdJ	NrdJuc02
Bacteria	Methylomirabilota	Methylomirabilia	Rokubacteriales	GWA2-73-35	40CM-68-15	40CM-68-15 sp001917585	NrdJ	NrdJuc02
Bacteria	Methylomirabilota	Methylomirabilia	Rokubacteriales	GWA2-73-35	UBA12499	UBA12499 sp001788415	NrdJ	NrdJuc02
Bacteria	Methylomirabilota	Methylomirabilia	Rokubacteriales	GWA2-73-35	DSHD01	DSHD01 sp011058515	NrdJ	NrdJuc02
Archaea	Micrarchaeota	Micrarchaeia	Micrarchaeales	Micrarchaeaceae	UBA12276	UBA12276 sp8261u	NrdA	NrdAz
Archaea	Micrarchaeota	Micrarchaeia	UBA8480	UBA97	UBA97	UBA97 sp001871595	NrdA	NrdAz
Archaea	Micrarchaeota	Micrarchaeia	UBA8480	UBA93	UBA95	UBA95 sp002499405	NrdD	NrdDd
Archaea	Micrarchaeota	Micrarchaeia	UBA10214	UBA10214	CAIKOA01	CAIKOA01 sp903828955	NrdD	NrdDd
Archaea	Micrarchaeota	Micrarchaeia	UBA8480	UBA8480	UBA8480	UBA8480 sp013425325	NrdD	NrdDd
Bacteria	Moduliflexota	Moduliflexia	Moduliflexales	Moduliflexaceae	Moduliflexus	Moduliflexus flocculans	NrdD	NrdDf
Bacteria	Moduliflexota	Moduliflexia	Moduliflexales	DSSU01	DSSU01	DSSU01 sp011330975	NrdD	NrdDf
Bacteria	Moduliflexota	Moduliflexia	Moduliflexales	Moduliflexaceae	GCA-2748425	GCA-2748425 sp002748425	NrdD	NrdDf
Bacteria	Moduliflexota	Moduliflexia	Moduliflexales	Moduliflexaceae	Vecturithrix	Vecturithrix granuli	NrdD	NrdDf
Bacteria	Moduliflexota	Moduliflexia	Moduliflexales	DSSU01	DSSU01	DSSU01 sp011330975	NrdJ	NrdJd
Bacteria	Muirbacteria	Muirbacteriia	Muirbacteriales	Muirbacteriaceae	Muirbacterium	Muirbacterium halophilum	NrdD	NrdDd
Bacteria	Myxococcota	Polyangia	Polyangiales	Polyangiaceae	NIC37A-2	NIC37A-2 sp012514535	NrdA	NrdAn
Bacteria	Myxococcota	Myxococcia	Myxococcales	Myxococcaceae	Myxococcus	Myxococcus sp010998615	NrdA	NrdAn
Bacteria	Myxococcota	Polyangia	Haliangiales	Haliangiaceae	UBA2376	UBA2376 sp005779305	NrdA	NrdAn
Bacteria	Myxococcota	Polyangia	Polyangiales	Polyangiaceae	Chondromyces	Chondromyces crocatus	NrdA	NrdAn
Bacteria	Myxococcota	WYAZ01	WYAZ01	WYAZ01	WYAZ01	WYAZ01 sp011526105	NrdA	NrdAn
Archaea	Nanoarchaeota	Nanoarchaeia	SCGC-AAA011-G17	GCA-2687185	GCA-2687185	GCA-2687185 sp002687185	NrdA	NrdAe
Archaea	Nanoarchaeota	Nanoarchaeia	UBA583	UBA583	UBA583	UBA583 sp013215525	NrdA	NrdAh
Archaea	Nanoarchaeota	Nanoarchaeia	UBA583	UBA583	UBA583	UBA583 sp002506365	NrdA	NrdAh
Archaea	Nanoarchaeota	Nanoarchaeia	UBA10117	ARS21	ARS21	ARS21 sp002725495	NrdA	NrdAi
Archaea	Nanoarchaeota	Nanoarchaeia	Woesearchaeales	SKIA01	SKIA01	SKIA01 sp007128245	NrdA	NrdAi
Archaea	Nanohaloarchaeota	Nanosalinia	Nanosalinales	Nanosalinaceae	B1-Br10-U2g21	B1-Br10-U2g21 sp001564145	NrdA	NrdAi
Archaea	Nanohaloarchaeota	Nanosalinia	Nanosalinales	Nanosalinaceae	Nanosalina	Nanosalina sp000220375	NrdA	NrdAi
Archaea	Nanohaloarchaeota	Nanosalinia	Nanosalinales	Nanosalinaceae	Nanosalina	Nanosalina sp000220375	NrdA	NrdAi
Archaea	Nanohaloarchaeota	Nanosalinia	Nanosalinales	Nanosalinaceae	SG9	SG9 sp001761425	NrdA	NrdAz
Archaea	Nanohaloarchaeota	Nanosalinia	Nanosalinales	Nanosalinaceae	B1-Br10-U2g21	B1-Br10-U2g21 sp001564145	NrdJ	NrdJuc02
Bacteria	Nitrospinota	Nitrospinia	Nitrospinales	Nitrospinaceae	UBA8687	UBA8687 sp009873655	NrdJ	NrdJd
Bacteria	Nitrospinota	Nitrospinia	Nitrospinales	Nitrospinaceae	LS-NOB	LS-NOB sp009873635	NrdJ	NrdJd
Bacteria	Nitrospinota	Nitrospinia	Nitrospinales	Nitrospinaceae	SZUA-259	SZUA-259 sp003246675	NrdJ	NrdJd
Bacteria	Nitrospinota	Nitrospinia	Nitrospinales	Nitrospinaceae	LS-NOB	LS-NOB sp001542995	NrdJ	NrdJd
Bacteria	Nitrospinota	Nitrospinia	Nitrospinales	Nitrospinaceae	SMVS01	SMVS01 sp004357435	NrdJ	NrdJd
Bacteria	Nitrospinota_A	UBA8248	UBA8248	UBA8248	Bin107	Bin107 sp011523725	NrdJ	NrdJd
Bacteria	Nitrospinota_A	UBA8248	UBA8248	UBA8248	Bin107	Bin107 sp002238965	NrdJ	NrdJd
Bacteria	Nitrospinota_A	UBA8248	UBA8248	UBA3496	UBA3496	UBA3496 sp002377645	NrdJ	NrdJd
Bacteria	Nitrospinota_A	UBA8248	UBA8248	UBA8248	2-12-FULL-69-37	2-12-FULL-69-37 sp001790955	NrdJ	NrdJd
Bacteria	Nitrospinota_B	2-12-FULL-45-22	2-12-FULL-45-22	2-12-FULL-45-22	2-12-FULL-45-22	2-12-FULL-45-22 sp001803565	NrdD	NrdDf
Bacteria	Nitrospinota_B	2-12-FULL-45-22	2-12-FULL-45-22	2-12-FULL-45-22	2-12-FULL-45-22	2-12-FULL-45-22 sp001803565	NrdJ	NrdJuc02
Bacteria	Nitrospirota	Thermodesulfovibrionia	UBA6902	UBA6902	Glo-13	Glo-13 sp003354025	NrdA	NrdAi
Bacteria	Nitrospirota	Nitrospiria	Nitrospirales	Nitrospiraceae	Nitrospira_F	Nitrospira_F inopinata	NrdA	NrdAn
Bacteria	Nitrospirota	Nitrospiria	Nitrospirales	Nitrospiraceae	Nitrospira_C	Nitrospira_C japonica	NrdA	NrdAn
Bacteria	Nitrospirota	Nitrospiria	SBBL01	SBBL01	SBBL01	SBBL01 sp005239745	NrdA	NrdAn
Bacteria	Nitrospirota	Nitrospiria	Nitrospirales	Nitrospiraceae	Nitrospira_C	Nitrospira_C sp011405515	NrdA	NrdAn
Bacteria	Nitrospirota_A	Leptospirillia	Leptospirillales	Leptospirillaceae	Leptospirillum_A	Leptospirillum_A ferriphilum	NrdJ	NrdJuc02
Bacteria	Nitrospirota_A	Leptospirillia	Leptospirillales	Leptospirillaceae	Leptospirillum_A	Leptospirillum_A ferriphilum	NrdJ	NrdJuc02
Bacteria	Nitrospirota_A	Leptospirillia	Leptospirillales	Leptospirillaceae	Leptospirillum_A	Leptospirillum_A ferriphilum_B	NrdJ	NrdJuc02
Bacteria	Nitrospirota_A	Leptospirillia	Leptospirillales	Leptospirillaceae	Leptospirillum_A	Leptospirillum_A rubarum	NrdJ	NrdJuc02
Bacteria	Nitrospirota_A	Leptospirillia	Leptospirillales	Leptospirillaceae	Leptospirillum	Leptospirillum ferrooxidans	NrdJ	NrdJuc02
Bacteria	NPL-UPA2	NPL-UPA2	NPL-UPA2	JAADIA01	JAADIA01	JAADIA01 sp013151555	NrdD	NrdDf
Bacteria	NPL-UPA2	NPL-UPA2	NPL-UPA2	NPL-UPA2	NPL-UPA2	NPL-UPA2 sp003574845	NrdD	NrdDf
Bacteria	OLB16	OLB16	SURF-12	SURF-12	JABLXU01	JABLXU01 sp013177805	NrdJ	NrdJd
Bacteria	OLB16	OLB16	OLB16	OLB16	JABWAZ01	JABWAZ01 sp013360775	NrdJ	NrdJd
Bacteria	OLB16	OLB16	OLB16	OLB16	JABWAZ01	JABWAZ01 sp013360775	NrdJ	NrdJuc02
Bacteria	OLB16	OLB16	OLB16	OLB16	OLB16	OLB16 sp001567115	NrdJ	NrdJuc02
Bacteria	Omnitrophota	Koll11	UBA10015	GCA-002753745	CAJARJ01	CAJARJ01 sp903944345	NrdA	NrdAh
Bacteria	Omnitrophota	Koll11	UBA10015	GCA-002753745	GCA-2753465	GCA-2753465 sp903959815	NrdA	NrdAh
Bacteria	Omnitrophota	Koll11	UBA10015	GCA-002753745	GCA-2753465	GCA-2753465 sp903861305	NrdA	NrdAh
Bacteria	Omnitrophota	Koll11	UBA10015	GCA-002753745	GCA-2753465	GCA-2753465 sp903860135	NrdA	NrdAh
Bacteria	Omnitrophota	Koll11	UBA10015	GCA-002753745	GCA-2753465	GCA-2753465 sp903901225	NrdA	NrdAh
Bacteria	Patescibacteria	Saccharimonadia	Saccharimonadales	SZUA-47	RFTN01	RFTN01 sp009923445	NrdA	NrdAe
Bacteria	Patescibacteria	JACMRA01	JACMRA01	JACMRA01	JACMQI01	JACMQI01 sp014377045	NrdA	NrdAe
Bacteria	Patescibacteria	Paceibacteria	UBA9983_A	GCA-2747955	JABACC01	JABACC01 sp014237915	NrdA	NrdAe
Bacteria	Patescibacteria	Gracilibacteria	UBA1369	UBA1369	CAIOIA01	CAIOIA01 sp903858295	NrdA	NrdAe
Bacteria	Patescibacteria	JACMRA01	JACMRA01	JACMRA01	JAAUSE01	JAAUSE01 sp012031925	NrdA	NrdAe
Bacteria	Planctomycetota	Phycisphaerae	Phycisphaerales	SM1A02	UBA854	UBA854 sp002591705	NrdA	NrdAe
Bacteria	Planctomycetota	UBA11346	UBA11346	UBA11346	REDP01	REDP01 sp007695355	NrdA	NrdAe
Bacteria	Planctomycetota	UBA11346	UBA11346	UBA11346	CAIUVD01	CAIUVD01 sp903902515	NrdA	NrdAe
Bacteria	Planctomycetota	UBA1135	UBA1135	UBA1135	GCA-2705055	GCA-2705055 sp002705055	NrdA	NrdAg
Bacteria	Planctomycetota	Planctomycetes	Pirellulales	Pirellulaceae	UBA721	UBA721 sp002701385	NrdA	NrdAg
Bacteria	Poribacteria	WGA-4E	WGA-4E	UBA9662	TMED15	TMED15 sp002714785	NrdA	NrdAe
Bacteria	Poribacteria	WGA-4E	WGA-4E	UBA9662	TMED15	TMED15 sp002729015	NrdA	NrdAr
Bacteria	Poribacteria	WGA-4E	WGA-4E	UBA9662	TMED15	TMED15 sp002729015	NrdA	NrdAr
Bacteria	Poribacteria	WGA-4E	WGA-4E	UBA9662	UBA9662	UBA9662 sp012963885	NrdA	NrdAz
Bacteria	Poribacteria	WGA-4E	WGA-4E	UBA9662	UBA9662	UBA9662 sp002709695	NrdA	NrdAz
Bacteria	Proteobacteria	Alphaproteobacteria	HIMB59	GCA-002718135	AG-337-I02	AG-337-I02 sp902521315	NrdA	NrdAe
Bacteria	Proteobacteria	Alphaproteobacteria	HIMB59	HIMB59	HIMB59	HIMB59 sp902617515	NrdA	NrdAe
Bacteria	Proteobacteria	Alphaproteobacteria	HIMB59	HIMB59	HIMB59	HIMB59 sp902575725	NrdA	NrdAe
Bacteria	Proteobacteria	Alphaproteobacteria	HIMB59	GCA-002718135	AG-337-I02	AG-337-I02 sp902553945	NrdA	NrdAe
Bacteria	Proteobacteria	Alphaproteobacteria	HIMB59	GCA-002718135	AG-337-I02	AG-337-I02 sp902590695	NrdA	NrdAe
Archaea	PWEA01	PWEA01	PWEA01	PWEA01	PWEA01	PWEA01 sp003553905	NrdD	NrdDd
Archaea	PWEA01	PWEA01	PWEA01	PWEA01	PWEA01	PWEA01 sp003555465	NrdD	NrdDd
Archaea	PWEA01	PWEA01	PWEA01	PWEA01	PWEA01	PWEA01 sp003554235	NrdD	NrdDd
Archaea	PWEA01	PWEA01	PWEA01	PWEA01	PWEA01	PWEA01 sp003554845	NrdD	NrdDd
Archaea	PWEA01	PWEA01	PWEA01	PWEA01	PWEA01	PWEA01 sp003550625	NrdD	NrdDd
Archaea	QMZS01	QMZS01	QMZS01	QMZS01	QMZS01	QMZS01 sp003663355	NrdD	NrdDd
Archaea	QMZS01	QMZS01	QMZS01	QMZS01	QMZS01	QMZS01 sp003663355	NrdJ	NrdJuc02
Archaea	QMZS01	QMZS01	QMZS01	QMZS01	QMZS01	QMZS01 sp003663295	NrdJ	NrdJuc02
Bacteria	QNDG01	QNDG01	QNDG01	JABMRT01	DSAP01	DSAP01 sp011046415	NrdD	NrdDd
Bacteria	QNDG01	QNDG01	QNDG01	QNDG01	QNDG01	QNDG01 sp003645915	NrdD	NrdDd
Bacteria	QNDG01	QNDG01	QNDG01	DTFT01	DTFT01	DTFT01 sp011363065	NrdJ	NrdJuc02
Bacteria	QNDG01	QNDG01	QNDG01	JABMRT01	JABMRT01	JABMRT01 sp013202295	NrdJ	NrdJuc02
Bacteria	QNDG01	QNDG01	QNDG01	DSAB01	DSAB01	DSAB01 sp011388275	NrdJ	NrdJuc02
Bacteria	Ratteibacteria	UBA8468	UBA8468	UBA8468	UBA8468	UBA8468 sp002791075	NrdD	NrdDd
Bacteria	Ratteibacteria	UBA8468	B48-G9	B48-G9	DSTR01	DSTR01 sp011329245	NrdD	NrdDd
Bacteria	Ratteibacteria	UBA8468	B48-G9	B48-G9	JAAYXZ01	JAAYXZ01 sp012515635	NrdD	NrdDd
Bacteria	Ratteibacteria	UBA8468	B48-G9	DTJG01	DTJG01	DTJG01 sp002070645	NrdD	NrdDf
Bacteria	Ratteibacteria	UBA8468	B48-G9	DTJG01	DTJG01	DTJG01 sp002070645	NrdD	NrdDf
Bacteria	RBG-13-61-14	RBG-13-61-14	RBG-13-61-14	RBG-13-61-14	RBG-13-61-14	RBG-13-61-14 sp001797815	NrdJ	NrdJuc02
Bacteria	RBG-13-61-14	RBG-13-61-14	RBG-13-61-14	DRUE01	DRUE01	DRUE01 sp011388515	NrdJ	NrdJuc02
Bacteria	RBG-13-61-14	RBG-13-61-14	RBG-13-61-14	DRUE01	CAIYYW01	CAIYYW01 sp903897985	NrdJ	NrdJuc02
Bacteria	RBG-13-61-14	RBG-13-61-14	RBG-13-61-14	DRUE01	DTOP01	DTOP01 sp011337885	NrdJ	NrdJuc02
Bacteria	RBG-13-61-14	RBG-13-61-14	RBG-13-61-14	DRUE01	CAIYYW01	CAIYYW01 sp903930515	NrdJ	NrdJuc02
Bacteria	RBG-13-66-14	B26-G2	WVWN01	WVWN01	WVWN01	WVWN01 sp011773985	NrdJ	NrdJuc02
Bacteria	RBG-13-66-14	B26-G2	B26-G2	B26-G2	B26-G2	B26-G2 sp003647715	NrdJ	NrdJuc02
Bacteria	Riflebacteria	Ozemobacteria	Ozemobacterales	Ozemobacteraceae	RUG334	RUG334 sp900317935	NrdD	NrdDc
Bacteria	Riflebacteria	Ozemobacteria	Ozemobacterales	Ozemobacteraceae	RUG334	RUG334 sp900317935	NrdD	NrdDc
Bacteria	Riflebacteria	Ozemobacteria	Ozemobacterales	Ozemobacteraceae	Ozemobacter	Ozemobacter sibiricus	NrdD	NrdDd
Bacteria	Riflebacteria	Ozemobacteria	Ozemobacterales	Ozemobacteraceae	MWDD01	MWDD01 sp002070375	NrdD	NrdDd
Bacteria	Riflebacteria	Ozemobacteria	Ozemobacterales	Ozemobacteraceae	Rifleibacterium	Rifleibacterium sp002839435	NrdD	NrdDd
Bacteria	SAR324	SAR324	XYD2-FULL-50-16	HCM1	HCM1	HCM1 sp002995645	NrdD	NrdDh
Bacteria	SAR324	SAR324	XYD2-FULL-50-16	XYD2-FULL-50-16	XYD2-FULL-50-16	XYD2-FULL-50-16 sp001783695	NrdJ	NrdJd
Bacteria	SAR324	SAR324	XYD2-FULL-50-16	XYD2-FULL-50-16	XYC1-FULL-56-13	XYC1-FULL-56-13 sp001783715	NrdJ	NrdJd
Bacteria	SAR324	SAR324	XYD2-FULL-50-16	XYD2-FULL-50-16	GCA-002401295	GCA-002401295 sp002401295	NrdJ	NrdJd
Bacteria	SAR324	SAR324	XYD2-FULL-50-16	HCM1	HCM1	HCM1 sp002995645	NrdJ	NrdJd
Bacteria	Schekmanbacteria	GWA2-38-11	GWA2-38-11	GWA2-38-11	2-02-FULL-38-14-A	2-02-FULL-38-14-A sp001790855	NrdJ	NrdJuc02
Bacteria	SLNR01	SLNR01	SLNR01	SLNR01	SLNR01	SLNR01 sp007132905	NrdJ	NrdJuc02
Bacteria	SM23-31	SM23-31	B21-G16	B21-G16	B21-G16	B21-G16 sp003644825	NrdJ	NrdJuc02
Bacteria	SM23-31	SM23-31	SM23-31	SM23-31	SM23-31	SM23-31 sp001304035	NrdJ	NrdJuc02
Bacteria	Spirochaetota	Leptospirae	Leptospirales	Leptospiraceae	Leptospira_A	Leptospira_A noumeaensis	NrdA	NrdAe
Bacteria	Spirochaetota	Leptospirae	Leptospirales	Leptospiraceae	Leptospira_A	Leptospira_A mtsangambouensis	NrdA	NrdAe
Bacteria	Spirochaetota	Leptospirae	Leptospirales	Leptospiraceae	Leptospira_A	Leptospira_A congkakensis	NrdA	NrdAe
Bacteria	Spirochaetota	Leptospirae	Leptospirales	Leptospiraceae	Leptospira_A	Leptospira_A harrisiae	NrdA	NrdAe
Bacteria	Spirochaetota	Leptospirae	Leptospirales	Leptospiraceae	Leptospira_A	Leptospira_A ilyithenensis	NrdA	NrdAe
Bacteria	SpSt-1050	SpSt-1050	SpSt-1050	SpSt-1050	SpSt-1050	SpSt-1050 sp011373705	NrdJ	NrdJuc02
Archaea	SpSt-1190	SpSt-1190	SpSt-1190	SpSt-1190	SpSt-1190	SpSt-1190 sp011049195	NrdD	NrdDd
Bacteria	SpSt-318	SpSt-318	SpSt-318	SpSt-318	SpSt-318	SpSt-318 sp011047235	NrdD	NrdDf
Bacteria	SpSt-956	SpSt-956	SpSt-956	SpSt-956	SpSt-956	SpSt-956 sp011343225	NrdJ	NrdJuc02
Bacteria	Sumerlaeota	Sumerlaeia	Sumerlaeales	JAAZBM01	JAAZBM01	JAAZBM01 sp012513815	NrdD	NrdDc
Bacteria	Sumerlaeota	Sumerlaeia	MWCT01	MWCT01	MWCT01	MWCT01 sp002070185	NrdD	NrdDd
Bacteria	Sumerlaeota	Sumerlaeia	JABWBI01	JABWBI01	JABWBI01	JABWBI01 sp013360565	NrdJ	NrdJd
Bacteria	Sumerlaeota	Sumerlaeia	SLMS01	SLMS01	SLMS01	SLMS01 sp007132505	NrdJ	NrdJd
Bacteria	Sumerlaeota	Sumerlaeia	SLMS01	SLMS01	SLMS01	SLMS01 sp007133495	NrdJ	NrdJd
Bacteria	Synergistota	Synergistia	Synergistales	Dethiosulfovibrionaceae	Pyramidobacter	Pyramidobacter sp002007215	NrdD	NrdDc
Bacteria	Synergistota	Synergistia	Synergistales	Aminobacteriaceae	Fretibacterium	Fretibacterium sp012520235	NrdD	NrdDc
Bacteria	Synergistota	Synergistia	Synergistales	Dethiosulfovibrionaceae	Pyramidobacter	Pyramidobacter piscolens	NrdD	NrdDc
Bacteria	Synergistota	Synergistia	Synergistales	Dethiosulfovibrionaceae	Pyramidobacter	Pyramidobacter sp009695745	NrdD	NrdDc
Bacteria	Synergistota	Synergistia	Synergistales	Aminobacteriaceae	Fretibacterium	Fretibacterium fastidiosum	NrdD	NrdDc
Bacteria	SZUA-182	SZUA-182	SZUA-182	SZUA-191	SZUA-191	SZUA-191 sp003230535	NrdD	NrdDf
Bacteria	SZUA-79	SZUA-79	Acidulodesulfobacterales	SZUA-79	Acidulodesulfobacterium	Acidulodesulfobacterium sp003232385	NrdD	NrdDd
Bacteria	SZUA-79	SZUA-79	Acidulodesulfobacterales	SZUA-79	Acidulodesulfobacterium	Acidulodesulfobacterium ferriphilum	NrdJ	NrdJuc02
Bacteria	SZUA-79	SZUA-79	Acidulodesulfobacterales	SZUA-79	Acidulodesulfobacterium	Acidulodesulfobacterium acidiphilum	NrdJ	NrdJuc02
Bacteria	SZUA-79	SZUA-79	Acidulodesulfobacterales	SZUA-79	Acididesulfobacter	Acididesulfobacter diazotrophicus	NrdJ	NrdJuc02
Bacteria	SZUA-79	SZUA-79	Acidulodesulfobacterales	SZUA-79	Acididesulfobacter	Acididesulfobacter guangdongensis	NrdJ	NrdJuc02
Bacteria	T1SED10-198M	T1SED10-198M	T1SED10-198M	T1SED10-198M	T1SED10-198M	T1SED10-198M sp003554345	NrdD	NrdDd
Bacteria	TA06	DG-26	E44-bin18	E44-bin18	E44-bin18	E44-bin18 sp004376575	NrdJ	NrdJuc02
Bacteria	TA06_A	DG-26_A	SM23-81	SM23-81	SM23-81	SM23-81 sp001304015	NrdJ	NrdJuc02
Bacteria	Tectomicrobia	Entotheonellia	Entotheonellales	Entotheonellaceae	Entotheonella	Entotheonella palauensis	NrdJ	NrdJd
Bacteria	Tectomicrobia	Entotheonellia	Entotheonellales	Entotheonellaceae	SXND01	SXND01 sp005777235	NrdJ	NrdJd
Bacteria	Tectomicrobia	Entotheonellia	Entotheonellales	Entotheonellaceae	Entotheonella	Entotheonella factor	NrdJ	NrdJd
Bacteria	Tectomicrobia	Entotheonellia	J063	J063	J063	J063 sp003696125	NrdJ	NrdJk
Bacteria	Thermodesulfobiota	Thermodesulfobiia	Thermodesulfobiales	Thermodesulfobiaceae	Thermodesulfobium	Thermodesulfobium narugense	NrdD	NrdDd
Bacteria	Thermodesulfobiota	Thermodesulfobiia	Thermodesulfobiales	Thermodesulfobiaceae	Thermodesulfobium	Thermodesulfobium narugense_A	NrdD	NrdDd
Bacteria	Thermodesulfobiota	Thermodesulfobiia	Thermodesulfobiales	Thermodesulfobiaceae	Thermodesulfobium	Thermodesulfobium acidiphilum	NrdD	NrdDd
Archaea	Thermoplasmatota	Poseidoniia_A	Poseidoniales	Poseidoniaceae	Poseidonia	Poseidonia sp002726495	NrdA	NrdAe
Archaea	Thermoplasmatota	Poseidoniia_A	Poseidoniales	Thalassarchaeaceae	MGIIb-N2	MGIIb-N2 sp002708695	NrdA	NrdAe
Archaea	Thermoplasmatota	Poseidoniia_A	Poseidoniales	Poseidoniaceae	MGIIa-L2	MGIIa-L2 sp002722615	NrdA	NrdAe
Archaea	Thermoplasmatota	Poseidoniia_A	Poseidoniales	Poseidoniaceae	MGIIa-K1	MGIIa-K1 sp002727695	NrdA	NrdAe
Archaea	Thermoplasmatota	Poseidoniia_A	Poseidoniales	Poseidoniaceae	MGIIa-L1	MGIIa-L1 sp9513u	NrdA	NrdAe
Archaea	Thermoproteota	Nitrososphaeria	Nitrososphaerales	Nitrosopumilaceae	Nitrosopelagicus	Nitrosopelagicus sp902606945	NrdA	NrdAr
Archaea	Thermoproteota	Nitrososphaeria	Nitrososphaerales	UBA183	CADDZR01	CADDZR01 sp902812495	NrdA	NrdAz
Archaea	Thermoproteota	Bathyarchaeia	B26-1	UBA233	PALSA-986	PALSA-986 sp009781675	NrdD	NrdDd
Archaea	Thermoproteota	Bathyarchaeia	B26-1	WUQV01	WUQV01	WUQV01 sp009889585	NrdD	NrdDd
Archaea	Thermoproteota	Bathyarchaeia	B26-1	UBA233	PIYA01	PIYA01 sp003662325	NrdD	NrdDd
Bacteria	Thermosulfidibacterota	Thermosulfidibacteria	Thermosulfidibacterales	Thermosulfidibacteraceae	Thermosulfidibacter	Thermosulfidibacter takaii	NrdD	NrdDd
Bacteria	Thermosulfidibacterota	Thermosulfidibacteria	Thermosulfidibacterales	B14-G1	B14-G1	B14-G1 sp011039915	NrdD	NrdDd
Bacteria	Thermosulfidibacterota	Thermosulfidibacteria	Thermosulfidibacterales	B14-G1	B14-G1	B14-G1 sp003648675	NrdD	NrdDd
Bacteria	Thermosulfidibacterota	Thermosulfidibacteria	Thermosulfidibacterales	Thermosulfidibacteraceae	JAADEW01	JAADEW01 sp013153205	NrdD	NrdDd
Bacteria	Thermosulfidibacterota	Thermosulfidibacteria	Thermosulfidibacterales	Thermosulfidibacteraceae	JAADEW01	JAADEW01 sp013153205	NrdJ	NrdJuc02
Bacteria	Thermotogota	Thermotogae	Thermotogales	Thermotogaceae	Pseudothermotoga_B	Pseudothermotoga_B profunda	NrdD	NrdDd
Bacteria	Thermotogota	Thermotogae	Petrotogales	Kosmotogaceae	UBA9910	UBA9910 sp003444085	NrdD	NrdDd
Bacteria	Thermotogota	Thermotogae	Thermotogales	Thermotogaceae	Pseudothermotoga_A	Pseudothermotoga_A sp011057685	NrdD	NrdDd
Bacteria	Thermotogota	Thermotogae	Petrotogales	Petrotogaceae	Marinitoga	Marinitoga lauensis	NrdD	NrdDd
Bacteria	Thermotogota	Thermotogae	Petrotogales	Petrotogaceae	UBA5851	UBA5851 sp002431635	NrdD	NrdDd
Bacteria	UBA10199	UBA10199	2-02-FULL-50-16	2-02-FULL-50-16	2-02-FULL-50-16	2-02-FULL-50-16 sp001798715	NrdJ	NrdJd
Bacteria	UBA10199	UBA10199	GCA-002796325	1-14-0-20-49-13	CAIPVD01	CAIPVD01 sp903868375	NrdJ	NrdJd
Bacteria	UBA10199	UBA10199	2-02-FULL-44-16	2-02-FULL-44-16	2-02-FULL-44-16	2-02-FULL-44-16 sp001798185	NrdJ	NrdJd
Bacteria	UBA10199	UBA10199	GCA-002796325	1-14-0-20-47-16	1-14-0-20-47-16	1-14-0-20-47-16 sp002796325	NrdJ	NrdJd
Bacteria	UBA10199	UBA10199	UBA10199	2-12-FULL-40-28	2-12-FULL-40-28	2-12-FULL-40-28 sp001798135	NrdJ	NrdJd
Bacteria	UBA2233	UBA2233	UBA2233	UBA2233	UBA2233	UBA2233 sp002347965	NrdJ	NrdJuc02
Bacteria	UBA3054	UBA3054	UBA3054	UBA3054	UBA3054	UBA3054 sp002366995	NrdD	NrdDc
Bacteria	UBA3054	UBA3054	UBA3054	B51-G9	JAAYZF01	JAAYZF01 sp012514975	NrdJ	NrdJuc01
Bacteria	UBA3054	UBA3054	UBA3054	B51-G9	B51-G9	B51-G9 sp003648225	NrdJ	NrdJuc01
Bacteria	UBA6262	UBA6262	UBA6262	UBA6262	Fen-1174	Fen-1174 sp003153935	NrdD	NrdDf
Bacteria	UBA6262	UBA6262	WVXT01	WVXT01	WVXT01	WVXT01 sp009619095	NrdD	NrdDf
Bacteria	UBA6262	UBA6262	UBA6262	UBA6262	UBA6262	UBA6262 sp002441095	NrdD	NrdDf
Bacteria	UBA6262	UBA6262	WVXT01	WVXT01	WVXT01	WVXT01 sp011773355	NrdD	NrdDf
Bacteria	UBA6262	UBA6262	WVXT01	WVXT01	WVXT01	WVXT01 sp009619095	NrdJ	NrdJuc02
Bacteria	UBA8481	UBA8481	UBA8481	UBA8481	UBA8481	UBA8481 sp002780065	NrdJ	NrdJd
Bacteria	UBA9089	UBA9088	UBA9088	UBA9088	UBA9088	UBA9088 sp003498085	NrdD	NrdDd
Bacteria	UBA9089	CG2-30-40-21	CG2-30-40-21	CG2-30-40-21	CG2-30-40-21	CG2-30-40-21 sp001873945	NrdD	NrdDf
Bacteria	UBA9089	UBA9089	UBA9089	UBA9089	UBA9089	UBA9089 sp003485015	NrdD	NrdDf
Bacteria	UBA9089	CG2-30-40-21	CG2-30-40-21	SBAY01	SBAY01	SBAY01 sp005239945	NrdJ	NrdJuc02
Bacteria	UBP13	UBA5359	UBA5359	UBA5359	UBA5359	UBA5359 sp002410925	NrdD	NrdDc
Bacteria	UBP14	UBA6098	DTLL01	DTLL01	DTLL01	DTLL01 sp011371545	NrdJ	NrdJuc02
Bacteria	UBP14	UBA6098	UBA6098	UBA6098	QNEE01	QNEE01 sp003645085	NrdJ	NrdJuc02
Bacteria	UBP14	UBA6098	UBA6098	UBA6098	UBA6098	UBA6098 sp011388305	NrdJ	NrdJuc02
Bacteria	UBP15	UBA6099	UBA6099	UBA6099	UBA6099	UBA6099 sp002069885	NrdD	NrdDd
Bacteria	UBP15	UBA6099	UBA6099	DSWB01	DSWB01	DSWB01 sp011368175	NrdD	NrdDd
Bacteria	UBP15	UBA6099	UBA6099	UBA6099	UBA6099	UBA6099 sp002435745	NrdD	NrdDd
Bacteria	UBP15	UBA6099	UBA6099	UBA6099	UBA6099	UBA6099 sp002069885	NrdJ	NrdJuc02
Bacteria	UBP15	UBA6099	UBA6099	DSWB01	DSWB01	DSWB01 sp011368175	NrdJ	NrdJuc02
Bacteria	UBP17	UBA6191	UBA6191	UBA6191	GCA-2402105	GCA-2402105 sp002402105	NrdA	NrdAh
Bacteria	UBP18	UBA7526	UBA7526	UBA7526	UBA7526	UBA7526 sp002478245	NrdJ	NrdJuc02
Bacteria	UBP4	UBA4092	UBA4092	UBA4092	UBA4092	UBA4092 sp002428325	NrdD	NrdDd
Bacteria	UBP4	UBA4092	UBA4092	UBA4092	UBA4092	UBA4092 sp002428325	NrdJ	NrdJuc02
Bacteria	UBP6	UBA1177	UBA1177	UBA1177	UBA1177	UBA1177 sp902780365	NrdD	NrdDc
Bacteria	UBP6	UBA1177	UBA1177	UBA1177	SLGQ01	SLGQ01 sp007136595	NrdD	NrdDd
Bacteria	UBP6	UBA1177	UBA1177	UBA1177	SLGQ01	SLGQ01 sp007132725	NrdD	NrdDd
Bacteria	UBP6	UBA1177	UBA1177	UBA1177	UBA1177	UBA1177 sp002309575	NrdD	NrdDd
Bacteria	UBP6	UBA1177	UBA1177	UBA1177	UBA1177	UBA1177 sp902780365	NrdD	NrdDd
Bacteria	UBP7	UBA6624	UBA6624	UBA6624	UBA6624	UBA6624 sp002501535	NrdA	NrdAz
Bacteria	UBP7	UBA6624	UBA6624	UBA6624	UBA6624	UBA6624 sp002716355	NrdA	NrdAz
Bacteria	UBP7	UBA6624	UBA6624	UBA6624	NIOZ-UU106	NIOZ-UU106 sp014384545	NrdJ	NrdJd
Bacteria	UBP7_A	4484-113	4484-113	4484-113	4484-113	4484-113 sp002050035	NrdJ	NrdJuc02
Archaea	Undinarchaeota	Undinarchaeia	Undinarchaeales	UBA543	UBA543	UBA543 sp002502135	NrdD	NrdDf
Archaea	Undinarchaeota	Undinarchaeia	Undinarchaeales	Undinarchaeaceae	Undinarchaeum	Undinarchaeum sp002687935	NrdD	NrdDuc00
Archaea	Undinarchaeota	Undinarchaeia	Undinarchaeales	Undinarchaeaceae	Undinarchaeum	Undinarchaeum marinum	NrdD	NrdDuc00
Archaea	Undinarchaeota	Undinarchaeia	Undinarchaeales	Undinarchaeaceae	Undinarchaeum	Undinarchaeum sp014189675	NrdD	NrdDuc00
Archaea	Undinarchaeota	Undinarchaeia	Undinarchaeales	Undinarchaeaceae	Undinarchaeum	Undinarchaeum sp002687935	NrdJ	NrdJk
Bacteria	Verrucomicrobiota	Verrucomicrobiae	Pedosphaerales	UBA1096	UBA1096	UBA1096 sp002684915	NrdA	NrdAe
Bacteria	Verrucomicrobiota	Verrucomicrobiae	Opitutales	MB11C04	MB11C04	MB11C04 sp002713685	NrdA	NrdAe
Bacteria	Verrucomicrobiota	Kiritimatiellae	Kiritimatiellales	Pontiellaceae	UBA1859	UBA1859 sp002691095	NrdA	NrdAg
Bacteria	Verrucomicrobiota	Verrucomicrobiae	Opitutales	Opitutaceae	Cephaloticoccus	Cephaloticoccus primus	NrdA	NrdAg
Bacteria	Verrucomicrobiota	Kiritimatiellae	Kiritimatiellales	Pontiellaceae	Pontiella	Pontiella sp003230915	NrdA	NrdAg
Bacteria	Wallbacteria	UBA9980	UBA9980	UBA9980	UBA9980	UBA9980 sp002423385	NrdD	NrdDf
Bacteria	Wallbacteria	UBA9980	UBA9980	UBA9980	UBA9980	UBA9980 sp002069765	NrdD	NrdDf
Bacteria	Wallbacteria	UBA9980	UBA9980	UBA9980	UBA9980	UBA9980 sp001791795	NrdD	NrdDf
Bacteria	Wallbacteria	UBA9980	UBA9980	UBA9980	UBA9980	UBA9980 sp002423385	NrdJ	NrdJuc02
Bacteria	Wallbacteria	UBA9980	UBA9980	UBA9980	UBA9980	UBA9980 sp002069765	NrdJ	NrdJuc02
Bacteria	WOR-3	SDB-A	SDB-A	SDB-A	SDB-A	SDB-A sp001412365	NrdD	NrdDd
Bacteria	WOR-3	UBA3072	UBA3072	B12-G15	B12-G15	B12-G15 sp003646055	NrdD	NrdDd
Bacteria	WOR-3	Hydrothermia	UBA1063	UBA1063	B29-G16	B29-G16 sp003644895	NrdD	NrdDd
Bacteria	WOR-3	UBA3072	UBA3072	B12-G15	DTHG01	DTHG01 sp011370805	NrdD	NrdDd
Bacteria	WOR-3	32-111	32-111	32-111	32-111	32-111 sp001508335	NrdD	NrdDd
Bacteria	Zixibacteria	MSB-5A5	GN15	JAAZOE01	JAAZOE01	JAAZOE01 sp012797915	NrdD	NrdDd
Bacteria	Zixibacteria	MSB-5A5	DSPP01	DSPP01	DSPP01	DSPP01 sp011046605	NrdJ	NrdJd
Bacteria	Zixibacteria	MSB-5A5	GN15	FEB-12	QQUK01	QQUK01 sp008501655	NrdJ	NrdJd
Bacteria	Zixibacteria	MSB-5A5	GN15	FEB-12	FEB-12	FEB-12 sp003105265	NrdJ	NrdJd
Bacteria	Zixibacteria	MSB-5A5	UM-FILTER-46-8	UM-FILTER-46-8	UM-FILTER-46-8	UM-FILTER-46-8 sp002791595	NrdJ	NrdJd
